name,type,start_time,duration,"data","ack","address","read"
"Async Serial [1]","data",2.30063869,9.5e-06,0xB1,,,
"Async Serial [1]","data",2.30064869,9.5e-06,0x04,,,
"Async Serial [1]","data",2.30065869,9.5e-06,0x00,,,
"Async Serial [1]","data",2.30066869,9.5e-06,0x00,,,
"Async Serial [1]","data",2.30067869,9.5e-06,0xFC,,,
"Async Serial [1]","data",2.30068869,9.5e-06,0xB3,,,
"Async Serial","data",2.30073288,9.5e-06,0xB2,,,
"Async Serial","data",2.300743,9.5e-06,0x00,,,
"Async Serial","data",2.30075306,9.5e-06,0x01,,,
"Async Serial","data",2.30076319,9.5e-06,0x03,,,
"Async Serial","data",2.30077331,9.5e-06,0xFC,,,
"Async Serial","data",2.30078344,9.5e-06,0xB3,,,
"Async Serial [1]","data",2.30084069,9.5e-06,0xB1,,,
"Async Serial [1]","data",2.30085069,9.5e-06,0x01,,,
"Async Serial [1]","data",2.30086069,9.5e-06,0x00,,,
"Async Serial [1]","data",2.30087069,9.5e-06,0x60,,,
"Async Serial [1]","data",2.30088069,9.5e-06,0x9F,,,
"Async Serial [1]","data",2.30089075,9.5e-06,0xB3,,,
"Async Serial","data",2.30122031,9.5e-06,0xB2,,,
"Async Serial","data",2.30123044,9.5e-06,0x00,,,
"Async Serial","data",2.30124056,9.5e-06,0x60,,,
"Async Serial","data",2.30125069,9.5e-06,0xA5,,,
"Async Serial","data",2.30126081,9.5e-06,0x03,,,
"Async Serial","data",2.30127088,9.5e-06,0x00,,,
"Async Serial","data",2.301281,9.5e-06,0x00,,,
"Async Serial","data",2.30129113,9.5e-06,0x28,,,
"Async Serial","data",2.30130125,9.5e-06,0xEF,,,
"Async Serial","data",2.30131138,9.5e-06,0x5B,,,
"Async Serial","data",2.3013215,9.5e-06,0x00,,,
"Async Serial","data",2.30133156,9.5e-06,0x03,,,
"Async Serial","data",2.30134169,9.5e-06,0x00,,,
"Async Serial","data",2.30135181,9.5e-06,0x00,,,
"Async Serial","data",2.30136194,9.5e-06,0x00,,,
"Async Serial","data",2.30137206,9.5e-06,0x40,,,
"Async Serial","data",2.30138219,9.5e-06,0x0D,,,
"Async Serial","data",2.30139225,9.5e-06,0x03,,,
"Async Serial","data",2.30140237,9.5e-06,0x00,,,
"Async Serial","data",2.3014125,9.5e-06,0x01,,,
"Async Serial","data",2.30142262,9.5e-06,0x00,,,
"Async Serial","data",2.30143275,9.5e-06,0x01,,,
"Async Serial","data",2.30144281,9.5e-06,0x00,,,
"Async Serial","data",2.30145294,9.5e-06,0x80,,,
"Async Serial","data",2.30146306,9.5e-06,0x8D,,,
"Async Serial","data",2.30147319,9.5e-06,0x5B,,,
"Async Serial","data",2.30148331,9.5e-06,0x00,,,
"Async Serial","data",2.30149344,9.5e-06,0x20,,,
"Async Serial","data",2.3015035,9.5e-06,0xBF,,,
"Async Serial","data",2.30151363,9.5e-06,0x02,,,
"Async Serial","data",2.30152375,9.5e-06,0x00,,,
"Async Serial","data",2.30153388,9.5e-06,0x00,,,
"Async Serial","data",2.301544,9.5e-06,0x12,,,
"Async Serial","data",2.30155413,9.5e-06,0x7A,,,
"Async Serial","data",2.30156419,9.5e-06,0x00,,,
"Async Serial","data",2.30157431,9.5e-06,0x60,,,
"Async Serial","data",2.30158444,9.5e-06,0xE3,,,
"Async Serial","data",2.30159456,9.5e-06,0x16,,,
"Async Serial","data",2.30160469,9.5e-06,0x00,,,
"Async Serial","data",2.30161475,9.5e-06,0x30,,,
"Async Serial","data",2.30162487,9.5e-06,0x11,,,
"Async Serial","data",2.301635,9.5e-06,0x00,,,
"Async Serial","data",2.30164512,9.5e-06,0x00,,,
"Async Serial","data",2.30165525,9.5e-06,0xD0,,,
"Async Serial","data",2.30166537,9.5e-06,0xEE,,,
"Async Serial","data",2.30167544,9.5e-06,0xFF,,,
"Async Serial","data",2.30168556,9.5e-06,0xFF,,,
"Async Serial","data",2.30169569,9.5e-06,0x20,,,
"Async Serial","data",2.30170581,9.5e-06,0x03,,,
"Async Serial","data",2.30171594,9.5e-06,0xD0,,,
"Async Serial","data",2.30172606,9.5e-06,0x07,,,
"Async Serial","data",2.30173613,9.5e-06,0x64,,,
"Async Serial","data",2.30174625,9.5e-06,0x00,,,
"Async Serial","data",2.30175638,9.5e-06,0xF4,,,
"Async Serial","data",2.3017665,9.5e-06,0x01,,,
"Async Serial","data",2.30177663,9.5e-06,0x00,,,
"Async Serial","data",2.30178669,9.5e-06,0x00,,,
"Async Serial","data",2.30179681,9.5e-06,0x00,,,
"Async Serial","data",2.30180694,9.5e-06,0x00,,,
"Async Serial","data",2.30181706,9.5e-06,0x00,,,
"Async Serial","data",2.30182719,9.5e-06,0x00,,,
"Async Serial","data",2.30183725,9.5e-06,0x00,,,
"Async Serial","data",2.30184737,9.5e-06,0x00,,,
"Async Serial","data",2.3018575,9.5e-06,0x00,,,
"Async Serial","data",2.30186762,9.5e-06,0x00,,,
"Async Serial","data",2.30187775,9.5e-06,0x00,,,
"Async Serial","data",2.30188781,9.5e-06,0x00,,,
"Async Serial","data",2.30189794,9.5e-06,0x00,,,
"Async Serial","data",2.30190806,9.5e-06,0x00,,,
"Async Serial","data",2.30191819,9.5e-06,0x00,,,
"Async Serial","data",2.30192831,9.5e-06,0x00,,,
"Async Serial","data",2.30193844,9.5e-06,0x00,,,
"Async Serial","data",2.3019485,9.5e-06,0x00,,,
"Async Serial","data",2.30195863,9.5e-06,0x00,,,
"Async Serial","data",2.30196875,9.5e-06,0x00,,,
"Async Serial","data",2.30197888,9.5e-06,0x00,,,
"Async Serial","data",2.301989,9.5e-06,0x00,,,
"Async Serial","data",2.30199906,9.5e-06,0x00,,,
"Async Serial","data",2.30200919,9.5e-06,0x00,,,
"Async Serial","data",2.30201931,9.5e-06,0x00,,,
"Async Serial","data",2.30202944,9.5e-06,0x00,,,
"Async Serial","data",2.30203956,9.5e-06,0x00,,,
"Async Serial","data",2.30204969,9.5e-06,0x00,,,
"Async Serial","data",2.30205975,9.5e-06,0x00,,,
"Async Serial","data",2.30206987,9.5e-06,0x00,,,
"Async Serial","data",2.30208,9.5e-06,0x00,,,
"Async Serial","data",2.30209012,9.5e-06,0x00,,,
"Async Serial","data",2.30210025,9.5e-06,0x00,,,
"Async Serial","data",2.30211031,9.5e-06,0x00,,,
"Async Serial","data",2.30212044,9.5e-06,0x00,,,
"Async Serial","data",2.30213056,9.5e-06,0x00,,,
"Async Serial","data",2.30214069,9.5e-06,0x00,,,
"Async Serial","data",2.30215081,9.5e-06,0x00,,,
"Async Serial","data",2.30216094,9.5e-06,0x00,,,
"Async Serial","data",2.302171,9.5e-06,0x00,,,
"Async Serial","data",2.30218113,9.5e-06,0x00,,,
"Async Serial","data",2.30219125,9.5e-06,0x00,,,
"Async Serial","data",2.30220138,9.5e-06,0x00,,,
"Async Serial","data",2.3022115,9.5e-06,0x00,,,
"Async Serial","data",2.30222163,9.5e-06,0xB3,,,
"Async Serial","data",2.30223169,9.5e-06,0xB3,,,
"Async Serial [1]","data",2.30234894,9.5e-06,0xB1,,,
"Async Serial [1]","data",2.30235894,9.5e-06,0x02,,,
"Async Serial [1]","data",2.30236894,9.5e-06,0x03,,,
"Async Serial [1]","data",2.30237894,9.5e-06,0x01,,,
"Async Serial [1]","data",2.30238894,9.5e-06,0x00,,,
"Async Serial [1]","data",2.30239894,9.5e-06,0xFA,,,
"Async Serial [1]","data",2.30240894,9.5e-06,0xB3,,,
"Async Serial","data",2.30245925,9.5e-06,0xB2,,,
"Async Serial","data",2.30246937,9.5e-06,0x00,,,
"Async Serial","data",2.3024795,9.5e-06,0x00,,,
"Async Serial","data",2.30248963,9.5e-06,0x00,,,
"Async Serial","data",2.30249975,9.5e-06,0xB3,,,
"Async Serial [1]","data",2.302552,9.5e-06,0xB1,,,
"Async Serial [1]","data",2.302562,9.5e-06,0x02,,,
"Async Serial [1]","data",2.302572,9.5e-06,0x47,,,
"Async Serial [1]","data",2.302582,9.5e-06,0x01,,,
"Async Serial [1]","data",2.302592,9.5e-06,0x01,,,
"Async Serial [1]","data",2.302602,9.5e-06,0xB5,,,
"Async Serial [1]","data",2.302612,9.5e-06,0xB3,,,
"Async Serial","data",2.30266056,9.5e-06,0xB2,,,
"Async Serial","data",2.30267069,9.5e-06,0x00,,,
"Async Serial","data",2.30268075,9.5e-06,0x00,,,
"Async Serial","data",2.30269088,9.5e-06,0x00,,,
"Async Serial","data",2.302701,9.5e-06,0xB3,,,
"I2C","start",3.66406488,6.25000002e-08,,,,
"I2C","address",3.6640675,2.325e-05,,true,0x25,false
"I2C","stop",3.66409769,6.24999998e-08,,,,
"I2C","start",3.66410256,6.24999998e-08,,,,
"I2C","address",3.66410519,2.325e-05,,true,0x25,false
"I2C","data",3.664134,2.31875e-05,0x00,true,,
"I2C","start",3.66416269,6.24999998e-08,,,,
"I2C","address",3.66416525,2.325e-05,,true,0x25,true
"I2C","data",3.66419875,2.325e-05,0xA5,true,,
"I2C","data",3.66422344,2.325e-05,0x03,false,,
"I2C","stop",3.66424969,6.25000007e-08,,,,
"I2C","start",3.66425544,6.24999998e-08,,,,
"I2C","address",3.66425806,2.325e-05,,true,0x25,false
"I2C","data",3.66428681,2.31875e-05,0x40,true,,
"I2C","start",3.6643155,6.25000002e-08,,,,
"I2C","address",3.66431812,2.325e-05,,true,0x25,true
"I2C","data",3.66435156,2.31875e-05,0x00,false,,
"I2C","stop",3.66437769,6.24999998e-08,,,,
"I2C","start",3.66438306,6.25000007e-08,,,,
"I2C","address",3.66438569,2.325e-05,,true,0x25,false
"I2C","data",3.66441437,2.31875e-05,0x00,true,,
"I2C","start",3.66444319,6.25000002e-08,,,,
"I2C","address",3.66444575,2.325e-05,,true,0x25,true
"I2C","data",3.66447937,2.325e-05,0xA5,true,,
"I2C","data",3.66450413,2.325e-05,0x03,true,,
"I2C","data",3.66452881,2.325e-05,0x00,true,,
"I2C","data",3.66455356,2.325e-05,0x00,true,,
"I2C","data",3.66457831,2.325e-05,0x28,true,,
"I2C","data",3.664603,2.325e-05,0xEF,true,,
"I2C","data",3.66462775,2.325e-05,0x5B,true,,
"I2C","data",3.6646525,2.325e-05,0x00,true,,
"I2C","data",3.66467719,2.325e-05,0x03,true,,
"I2C","data",3.66470194,2.325e-05,0x00,true,,
"I2C","data",3.66472669,2.325e-05,0x00,true,,
"I2C","data",3.66475137,2.325e-05,0x00,true,,
"I2C","data",3.66477612,2.325e-05,0x40,true,,
"I2C","data",3.66480088,2.325e-05,0x0D,true,,
"I2C","data",3.66482563,2.325e-05,0x03,true,,
"I2C","data",3.66485031,2.325e-05,0x00,true,,
"I2C","data",3.66487506,2.325e-05,0x01,true,,
"I2C","data",3.66489981,2.325e-05,0x00,true,,
"I2C","data",3.6649245,2.325e-05,0x01,true,,
"I2C","data",3.66494925,2.325e-05,0x00,true,,
"I2C","data",3.664974,2.325e-05,0x80,true,,
"I2C","data",3.66499875,2.325e-05,0x8D,true,,
"I2C","data",3.66502344,2.325e-05,0x5B,true,,
"I2C","data",3.66504819,2.325e-05,0x00,true,,
"I2C","data",3.66507294,2.325e-05,0x20,true,,
"I2C","data",3.66509763,2.33125e-05,0xBF,true,,
"I2C","data",3.66512238,2.325e-05,0x02,true,,
"I2C","data",3.66514712,2.325e-05,0x00,true,,
"I2C","data",3.66517187,2.325e-05,0x00,true,,
"I2C","data",3.66519656,2.325e-05,0x12,true,,
"I2C","data",3.66522131,2.325e-05,0x7A,true,,
"I2C","data",3.66524606,2.325e-05,0x00,true,,
"I2C","data",3.66527075,2.325e-05,0x60,true,,
"I2C","data",3.6652955,2.325e-05,0xE3,true,,
"I2C","data",3.66532025,2.325e-05,0x16,true,,
"I2C","data",3.665345,2.325e-05,0x00,true,,
"I2C","data",3.66536969,2.325e-05,0x30,true,,
"I2C","data",3.66539444,2.325e-05,0x11,true,,
"I2C","data",3.66541919,2.325e-05,0x00,true,,
"I2C","data",3.66544387,2.325e-05,0x00,true,,
"I2C","data",3.66546862,2.325e-05,0xD0,true,,
"I2C","data",3.66549338,2.325e-05,0xEE,true,,
"I2C","data",3.66551806,2.325e-05,0xFF,true,,
"I2C","data",3.66554281,2.325e-05,0xFF,true,,
"I2C","data",3.66556756,2.325e-05,0x20,true,,
"I2C","data",3.66559225,2.325e-05,0x03,true,,
"I2C","data",3.665617,2.325e-05,0xD0,true,,
"I2C","data",3.66564175,2.325e-05,0x07,true,,
"I2C","data",3.66566644,2.325e-05,0x64,true,,
"I2C","data",3.66569119,2.325e-05,0x00,true,,
"I2C","data",3.66571594,2.325e-05,0xF4,true,,
"I2C","data",3.66574069,2.325e-05,0x01,true,,
"I2C","data",3.66576537,2.325e-05,0x00,true,,
"I2C","data",3.66579013,2.325e-05,0x00,true,,
"I2C","data",3.66581488,2.325e-05,0x00,true,,
"I2C","data",3.66583956,2.325e-05,0x00,true,,
"I2C","data",3.66586431,2.325e-05,0x00,true,,
"I2C","data",3.66588906,2.325e-05,0x00,true,,
"I2C","data",3.66591381,2.31875e-05,0x00,true,,
"I2C","data",3.6659385,2.325e-05,0x00,true,,
"I2C","data",3.66596325,2.325e-05,0x00,true,,
"I2C","data",3.665988,2.325e-05,0x00,true,,
"I2C","data",3.66601269,2.325e-05,0x00,true,,
"I2C","data",3.66603744,2.325e-05,0x00,true,,
"I2C","data",3.66606212,2.325e-05,0x00,true,,
"I2C","data",3.66608687,2.325e-05,0x00,true,,
"I2C","data",3.66611163,2.325e-05,0x00,true,,
"I2C","data",3.66613637,2.325e-05,0x00,true,,
"I2C","data",3.66616106,2.325e-05,0x00,true,,
"I2C","data",3.66618581,2.325e-05,0x00,true,,
"I2C","data",3.66621056,2.325e-05,0x00,true,,
"I2C","data",3.66623525,2.325e-05,0x01,true,,
"I2C","data",3.66626,2.325e-05,0x00,true,,
"I2C","data",3.66628475,2.325e-05,0x00,true,,
"I2C","data",3.66630944,2.325e-05,0x00,true,,
"I2C","data",3.66633419,2.325e-05,0x00,true,,
"I2C","data",3.66635894,2.325e-05,0x00,true,,
"I2C","data",3.66638362,2.325e-05,0x00,true,,
"I2C","data",3.66640838,2.325e-05,0x00,true,,
"I2C","data",3.66643313,2.325e-05,0x00,true,,
"I2C","data",3.66645781,2.325e-05,0x00,true,,
"I2C","data",3.66648256,2.325e-05,0x00,true,,
"I2C","data",3.66650731,2.325e-05,0x00,true,,
"I2C","data",3.666532,2.325e-05,0x00,true,,
"I2C","data",3.66655675,2.325e-05,0x00,true,,
"I2C","data",3.6665815,2.325e-05,0x00,true,,
"I2C","data",3.66660619,2.325e-05,0x00,true,,
"I2C","data",3.66663094,2.325e-05,0x00,true,,
"I2C","data",3.66665569,2.325e-05,0x00,true,,
"I2C","data",3.66668037,2.325e-05,0x00,true,,
"I2C","data",3.66670513,2.325e-05,0x00,true,,
"I2C","data",3.66672988,2.325e-05,0x00,true,,
"I2C","data",3.66675456,2.325e-05,0x00,true,,
"I2C","data",3.66677931,2.325e-05,0x00,true,,
"I2C","data",3.66680406,2.325e-05,0x00,true,,
"I2C","data",3.66682875,2.325e-05,0x00,false,,
"I2C","stop",3.666855,6.24999998e-08,,,,
"I2C","start",3.66686,6.25000002e-08,,,,
"I2C","address",3.66686262,2.325e-05,,true,0x25,false
"I2C","data",3.66689131,2.31875e-05,0x40,true,,
"I2C","start",3.66692,6.24999998e-08,,,,
"I2C","address",3.66692256,2.325e-05,,true,0x25,true
"I2C","data",3.66695606,2.325e-05,0x00,false,,
"I2C","stop",3.66698225,6.25000002e-08,,,,
"I2C","start",3.96390281,6.25000002e-08,,,,
"I2C","address",3.96390537,2.33125e-05,,true,0x25,false
"I2C","stop",3.9639355,6.25000002e-08,,,,
"I2C","start",3.96394069,6.24999998e-08,,,,
"I2C","address",3.96394325,2.325e-05,,true,0x25,false
"I2C","data",3.96397194,2.31875e-05,0x00,true,,
"I2C","start",3.96400063,6.24999998e-08,,,,
"I2C","address",3.96400325,2.325e-05,,true,0x25,true
"I2C","data",3.96403675,2.31875e-05,0xA5,true,,
"I2C","data",3.96406144,2.325e-05,0x03,false,,
"I2C","stop",3.96408769,6.24999998e-08,,,,
"I2C","start",3.96409344,6.25000002e-08,,,,
"I2C","address",3.96409606,2.325e-05,,true,0x25,false
"I2C","data",3.96412475,2.31875e-05,0x40,true,,
"I2C","start",3.96415356,6.24999998e-08,,,,
"I2C","address",3.96415613,2.325e-05,,true,0x25,true
"I2C","data",3.96418962,2.3125e-05,0x00,false,,
"I2C","stop",3.96421575,6.24999998e-08,,,,
"I2C","start",3.964221,6.25000002e-08,,,,
"I2C","address",3.96422362,2.325e-05,,true,0x25,false
"I2C","data",3.96425244,2.31875e-05,0x00,true,,
"I2C","start",3.96428112,6.25000002e-08,,,,
"I2C","address",3.96428369,2.33125e-05,,true,0x25,true
"I2C","data",3.96431719,2.3125e-05,0xA5,true,,
"I2C","data",3.96434181,2.325e-05,0x03,true,,
"I2C","data",3.96436656,2.325e-05,0x00,true,,
"I2C","data",3.96439131,2.325e-05,0x00,true,,
"I2C","data",3.96441606,2.325e-05,0x28,true,,
"I2C","data",3.96444075,2.33125e-05,0xEF,true,,
"I2C","data",3.9644655,2.325e-05,0x5B,true,,
"I2C","data",3.96449025,2.325e-05,0x00,true,,
"I2C","data",3.964515,2.325e-05,0x03,true,,
"I2C","data",3.96453975,2.325e-05,0x00,true,,
"I2C","data",3.9645645,2.325e-05,0x00,true,,
"I2C","data",3.96458919,2.325e-05,0x00,true,,
"I2C","data",3.96461394,2.325e-05,0x40,true,,
"I2C","data",3.96463869,2.325e-05,0x0D,true,,
"I2C","data",3.96466344,2.325e-05,0x03,true,,
"I2C","data",3.96468819,2.325e-05,0x00,true,,
"I2C","data",3.96471288,2.33125e-05,0x01,true,,
"I2C","data",3.96473763,2.325e-05,0x00,true,,
"I2C","data",3.96476237,2.325e-05,0x01,true,,
"I2C","data",3.96478712,2.325e-05,0x00,true,,
"I2C","data",3.96481187,2.325e-05,0x80,true,,
"I2C","data",3.96483656,2.33125e-05,0x8D,true,,
"I2C","data",3.96486131,2.33125e-05,0x5B,true,,
"I2C","data",3.96488606,2.325e-05,0x00,true,,
"I2C","data",3.96491081,2.325e-05,0x20,true,,
"I2C","data",3.96493556,2.325e-05,0xBF,true,,
"I2C","data",3.96496031,2.325e-05,0x02,true,,
"I2C","data",3.96498506,2.325e-05,0x00,true,,
"I2C","data",3.96500975,2.33125e-05,0x00,true,,
"I2C","data",3.9650345,2.325e-05,0x12,true,,
"I2C","data",3.96505925,2.325e-05,0x7A,true,,
"I2C","data",3.965084,2.325e-05,0x00,true,,
"I2C","data",3.96510875,2.325e-05,0x60,true,,
"I2C","data",3.9651335,2.325e-05,0xE3,true,,
"I2C","data",3.96515819,2.33125e-05,0x16,true,,
"I2C","data",3.96518294,2.325e-05,0x00,true,,
"I2C","data",3.96520769,2.325e-05,0x30,true,,
"I2C","data",3.96523244,2.325e-05,0x11,true,,
"I2C","data",3.96525719,2.31875e-05,0x00,true,,
"I2C","data",3.96528188,2.325e-05,0x00,true,,
"I2C","data",3.96530663,2.325e-05,0xD0,true,,
"I2C","data",3.96533137,2.325e-05,0xEE,true,,
"I2C","data",3.96535606,2.33125e-05,0xFF,true,,
"I2C","data",3.96538081,2.325e-05,0xFF,true,,
"I2C","data",3.96540556,2.325e-05,0x20,true,,
"I2C","data",3.96543031,2.325e-05,0x03,true,,
"I2C","data",3.965455,2.33125e-05,0xD0,true,,
"I2C","data",3.96547975,2.325e-05,0x07,true,,
"I2C","data",3.9655045,2.325e-05,0x64,true,,
"I2C","data",3.96552925,2.325e-05,0x00,true,,
"I2C","data",3.96555394,2.33125e-05,0xF4,true,,
"I2C","data",3.96557869,2.325e-05,0x01,true,,
"I2C","data",3.96560344,2.325e-05,0x00,true,,
"I2C","data",3.96562819,2.325e-05,0x00,true,,
"I2C","data",3.96565287,2.325e-05,0x00,true,,
"I2C","data",3.96567763,2.325e-05,0x00,true,,
"I2C","data",3.96570237,2.325e-05,0x00,true,,
"I2C","data",3.96572712,2.325e-05,0x00,true,,
"I2C","data",3.96575181,2.325e-05,0x00,true,,
"I2C","data",3.96577656,2.325e-05,0x00,true,,
"I2C","data",3.96580131,2.325e-05,0x00,true,,
"I2C","data",3.96582606,2.325e-05,0x00,true,,
"I2C","data",3.96585075,2.325e-05,0x00,true,,
"I2C","data",3.9658755,2.325e-05,0x00,true,,
"I2C","data",3.96590025,2.325e-05,0x00,true,,
"I2C","data",3.965925,2.325e-05,0x00,true,,
"I2C","data",3.96594969,2.325e-05,0x00,true,,
"I2C","data",3.96597444,2.325e-05,0x00,true,,
"I2C","data",3.96599919,2.325e-05,0x00,true,,
"I2C","data",3.96602394,2.325e-05,0x00,true,,
"I2C","data",3.96604862,2.325e-05,0x00,true,,
"I2C","data",3.96607338,2.325e-05,0x01,true,,
"I2C","data",3.96609812,2.325e-05,0x00,true,,
"I2C","data",3.96612287,2.325e-05,0x00,true,,
"I2C","data",3.96614756,2.325e-05,0x00,true,,
"I2C","data",3.96617231,2.325e-05,0x00,true,,
"I2C","data",3.96619706,2.325e-05,0x00,true,,
"I2C","data",3.96622175,2.325e-05,0x00,true,,
"I2C","data",3.9662465,2.325e-05,0x00,true,,
"I2C","data",3.96627125,2.325e-05,0x00,true,,
"I2C","data",3.966296,2.325e-05,0x00,true,,
"I2C","data",3.96632069,2.325e-05,0x00,true,,
"I2C","data",3.96634544,2.325e-05,0x00,true,,
"I2C","data",3.96637019,2.325e-05,0x00,true,,
"I2C","data",3.96639488,2.325e-05,0x00,true,,
"I2C","data",3.96641962,2.325e-05,0x00,true,,
"I2C","data",3.96644438,2.325e-05,0x00,true,,
"I2C","data",3.96646913,2.325e-05,0x00,true,,
"I2C","data",3.96649381,2.325e-05,0x00,true,,
"I2C","data",3.96651856,2.325e-05,0x00,true,,
"I2C","data",3.96654331,2.325e-05,0x00,true,,
"I2C","data",3.966568,2.325e-05,0x00,true,,
"I2C","data",3.96659275,2.325e-05,0x00,true,,
"I2C","data",3.9666175,2.325e-05,0x00,true,,
"I2C","data",3.96664219,2.33125e-05,0x00,true,,
"I2C","data",3.96666694,2.325e-05,0x00,false,,
"I2C","stop",3.96669319,6.25000002e-08,,,,
"I2C","start",3.96669831,6.24999998e-08,,,,
"I2C","address",3.96670094,2.325e-05,,true,0x25,false
"I2C","data",3.96672963,2.31875e-05,0x40,true,,
"I2C","start",3.96675844,6.25000002e-08,,,,
"I2C","address",3.966761,2.325e-05,,true,0x25,true
"I2C","data",3.9667945,2.325e-05,0x00,false,,
"I2C","stop",3.96682075,6.24999998e-08,,,,
"I2C","start",4.26473038,6.25000002e-08,,,,
"I2C","address",4.264733,2.325e-05,,true,0x25,false
"I2C","stop",4.26476306,6.25000002e-08,,,,
"I2C","start",4.26476812,6.25000002e-08,,,,
"I2C","address",4.26477075,2.325e-05,,true,0x25,false
"I2C","data",4.26479944,2.3125e-05,0x00,true,,
"I2C","start",4.26482819,6.24999993e-08,,,,
"I2C","address",4.26483081,2.325e-05,,true,0x25,true
"I2C","data",4.26486438,2.31875e-05,0xA5,true,,
"I2C","data",4.26488906,2.325e-05,0x03,false,,
"I2C","stop",4.26491525,6.25000002e-08,,,,
"I2C","start",4.264921,6.24999993e-08,,,,
"I2C","address",4.26492362,2.325e-05,,true,0x25,false
"I2C","data",4.26495231,2.31875e-05,0x40,true,,
"I2C","start",4.26498113,6.25000002e-08,,,,
"I2C","address",4.26498375,2.325e-05,,true,0x25,true
"I2C","data",4.26501719,2.31875e-05,0x00,false,,
"I2C","stop",4.26504331,6.25000002e-08,,,,
"I2C","start",4.26504875,6.25000002e-08,,,,
"I2C","address",4.26505131,2.325e-05,,true,0x25,false
"I2C","data",4.26508006,2.325e-05,0x00,true,,
"I2C","start",4.26510881,6.24999993e-08,,,,
"I2C","address",4.26511144,2.325e-05,,true,0x25,true
"I2C","data",4.26514487,2.31875e-05,0xA5,true,,
"I2C","data",4.2651695,2.33125e-05,0x03,true,,
"I2C","data",4.26519425,2.325e-05,0x00,true,,
"I2C","data",4.265219,2.325e-05,0x00,true,,
"I2C","data",4.26524375,2.325e-05,0x28,true,,
"I2C","data",4.2652685,2.325e-05,0xEF,true,,
"I2C","data",4.26529325,2.325e-05,0x5B,true,,
"I2C","data",4.26531794,2.325e-05,0x00,true,,
"I2C","data",4.26534269,2.325e-05,0x03,true,,
"I2C","data",4.26536744,2.325e-05,0x00,true,,
"I2C","data",4.26539219,2.325e-05,0x00,true,,
"I2C","data",4.26541687,2.325e-05,0x00,true,,
"I2C","data",4.26544163,2.325e-05,0x40,true,,
"I2C","data",4.26546637,2.325e-05,0x0D,true,,
"I2C","data",4.26549112,2.325e-05,0x03,true,,
"I2C","data",4.26551581,2.325e-05,0x00,true,,
"I2C","data",4.26554056,2.325e-05,0x01,true,,
"I2C","data",4.26556531,2.325e-05,0x00,true,,
"I2C","data",4.26559006,2.325e-05,0x01,true,,
"I2C","data",4.26561475,2.33125e-05,0x00,true,,
"I2C","data",4.2656395,2.325e-05,0x80,true,,
"I2C","data",4.26566425,2.325e-05,0x8D,true,,
"I2C","data",4.265689,2.325e-05,0x5B,true,,
"I2C","data",4.26571375,2.325e-05,0x00,true,,
"I2C","data",4.2657385,2.325e-05,0x20,true,,
"I2C","data",4.26576319,2.325e-05,0xBF,true,,
"I2C","data",4.26578794,2.325e-05,0x02,true,,
"I2C","data",4.26581269,2.325e-05,0x00,true,,
"I2C","data",4.26583744,2.325e-05,0x00,true,,
"I2C","data",4.26586212,2.325e-05,0x12,true,,
"I2C","data",4.26588687,2.325e-05,0x7A,true,,
"I2C","data",4.26591163,2.325e-05,0x00,true,,
"I2C","data",4.26593637,2.325e-05,0x60,true,,
"I2C","data",4.26596106,2.33125e-05,0xE3,true,,
"I2C","data",4.26598581,2.325e-05,0x16,true,,
"I2C","data",4.26601056,2.325e-05,0x00,true,,
"I2C","data",4.26603531,2.325e-05,0x30,true,,
"I2C","data",4.26606006,2.325e-05,0x11,true,,
"I2C","data",4.26608475,2.325e-05,0x00,true,,
"I2C","data",4.2661095,2.325e-05,0x00,true,,
"I2C","data",4.26613425,2.325e-05,0xD0,true,,
"I2C","data",4.266159,2.325e-05,0xEE,true,,
"I2C","data",4.26618369,2.325e-05,0xFF,true,,
"I2C","data",4.26620844,2.325e-05,0xFF,true,,
"I2C","data",4.26623319,2.325e-05,0x20,true,,
"I2C","data",4.26625794,2.325e-05,0x03,true,,
"I2C","data",4.26628262,2.325e-05,0xD0,true,,
"I2C","data",4.26630738,2.325e-05,0x07,true,,
"I2C","data",4.26633212,2.325e-05,0x64,true,,
"I2C","data",4.26635687,2.325e-05,0x00,true,,
"I2C","data",4.26638156,2.33125e-05,0xF4,true,,
"I2C","data",4.26640631,2.325e-05,0x01,true,,
"I2C","data",4.26643106,2.325e-05,0x00,true,,
"I2C","data",4.26645581,2.325e-05,0x00,true,,
"I2C","data",4.26648056,2.325e-05,0x00,true,,
"I2C","data",4.26650525,2.325e-05,0x00,true,,
"I2C","data",4.26653,2.325e-05,0x00,true,,
"I2C","data",4.26655475,2.325e-05,0x00,true,,
"I2C","data",4.2665795,2.325e-05,0x00,true,,
"I2C","data",4.26660419,2.33125e-05,0x00,true,,
"I2C","data",4.26662894,2.325e-05,0x00,true,,
"I2C","data",4.26665369,2.325e-05,0x00,true,,
"I2C","data",4.26667844,2.325e-05,0x00,true,,
"I2C","data",4.26670319,2.325e-05,0x00,true,,
"I2C","data",4.26672787,2.325e-05,0x00,true,,
"I2C","data",4.26675263,2.325e-05,0x00,true,,
"I2C","data",4.26677738,2.325e-05,0x00,true,,
"I2C","data",4.26680206,2.33125e-05,0x00,true,,
"I2C","data",4.26682681,2.325e-05,0x00,true,,
"I2C","data",4.26685156,2.325e-05,0x00,true,,
"I2C","data",4.26687631,2.325e-05,0x00,true,,
"I2C","data",4.26690106,2.325e-05,0x01,true,,
"I2C","data",4.26692575,2.325e-05,0x00,true,,
"I2C","data",4.2669505,2.325e-05,0x00,true,,
"I2C","data",4.26697525,2.325e-05,0x00,true,,
"I2C","data",4.267,2.325e-05,0x00,true,,
"I2C","data",4.26702475,2.325e-05,0x00,true,,
"I2C","data",4.26704944,2.325e-05,0x00,true,,
"I2C","data",4.26707419,2.325e-05,0x00,true,,
"I2C","data",4.26709894,2.325e-05,0x00,true,,
"I2C","data",4.26712369,2.325e-05,0x00,true,,
"I2C","data",4.26714844,2.325e-05,0x00,true,,
"I2C","data",4.26717313,2.325e-05,0x00,true,,
"I2C","data",4.26719787,2.325e-05,0x00,true,,
"I2C","data",4.26722262,2.325e-05,0x00,true,,
"I2C","data",4.26724738,2.325e-05,0x00,true,,
"I2C","data",4.26727212,2.325e-05,0x00,true,,
"I2C","data",4.26729681,2.325e-05,0x00,true,,
"I2C","data",4.26732156,2.325e-05,0x00,true,,
"I2C","data",4.26734631,2.325e-05,0x00,true,,
"I2C","data",4.26737106,2.325e-05,0x00,true,,
"I2C","data",4.26739575,2.325e-05,0x00,true,,
"I2C","data",4.2674205,2.325e-05,0x00,true,,
"I2C","data",4.26744525,2.325e-05,0x00,true,,
"I2C","data",4.26746994,2.325e-05,0x00,true,,
"I2C","data",4.26749469,2.325e-05,0x00,false,,
"I2C","stop",4.26752087,6.24999993e-08,,,,
"I2C","start",4.26752569,6.24999993e-08,,,,
"I2C","address",4.26752831,2.325e-05,,true,0x25,false
"I2C","data",4.26755706,2.31875e-05,0x40,true,,
"I2C","start",4.26758575,6.25000002e-08,,,,
"I2C","address",4.26758837,2.325e-05,,true,0x25,true
"I2C","data",4.26762187,2.31875e-05,0x00,false,,
"I2C","stop",4.26764806,6.24999993e-08,,,,
"I2C","start",4.56556331,6.24999993e-08,,,,
"I2C","address",4.56556594,2.325e-05,,true,0x25,false
"I2C","stop",4.56559612,6.24999993e-08,,,,
"I2C","start",4.56560112,6.25000002e-08,,,,
"I2C","address",4.56560375,2.325e-05,,true,0x25,false
"I2C","data",4.5656325,2.325e-05,0x00,true,,
"I2C","start",4.56566125,6.24999993e-08,,,,
"I2C","address",4.56566388,2.325e-05,,true,0x25,true
"I2C","data",4.56569731,2.3125e-05,0xA5,true,,
"I2C","data",4.56572194,2.325e-05,0x03,false,,
"I2C","stop",4.56574819,6.25000011e-08,,,,
"I2C","start",4.56575406,6.24999993e-08,,,,
"I2C","address",4.56575669,2.325e-05,,true,0x25,false
"I2C","data",4.56578544,2.325e-05,0x40,true,,
"I2C","start",4.56581406,6.24999993e-08,,,,
"I2C","address",4.56581663,2.325e-05,,true,0x25,true
"I2C","data",4.56585019,2.31875e-05,0x00,false,,
"I2C","stop",4.56587638,6.25000002e-08,,,,
"I2C","start",4.56588163,6.25000002e-08,,,,
"I2C","address",4.56588425,2.325e-05,,true,0x25,false
"I2C","data",4.56591294,2.325e-05,0x00,true,,
"I2C","start",4.56594169,6.25000002e-08,,,,
"I2C","address",4.56594431,2.325e-05,,true,0x25,true
"I2C","data",4.56597781,2.325e-05,0xA5,true,,
"I2C","data",4.56600256,2.325e-05,0x03,true,,
"I2C","data",4.56602725,2.33125e-05,0x00,true,,
"I2C","data",4.566052,2.325e-05,0x00,true,,
"I2C","data",4.56607675,2.325e-05,0x28,true,,
"I2C","data",4.5661015,2.325e-05,0xEF,true,,
"I2C","data",4.56612625,2.325e-05,0x5B,true,,
"I2C","data",4.56615094,2.33125e-05,0x00,true,,
"I2C","data",4.56617569,2.325e-05,0x03,true,,
"I2C","data",4.56620044,2.325e-05,0x00,true,,
"I2C","data",4.56622519,2.325e-05,0x00,true,,
"I2C","data",4.56624994,2.325e-05,0x00,true,,
"I2C","data",4.56627463,2.33125e-05,0x40,true,,
"I2C","data",4.56629937,2.325e-05,0x0D,true,,
"I2C","data",4.56632413,2.325e-05,0x03,true,,
"I2C","data",4.56634888,2.325e-05,0x00,true,,
"I2C","data",4.56637362,2.325e-05,0x01,true,,
"I2C","data",4.56639831,2.33125e-05,0x00,true,,
"I2C","data",4.56642306,2.325e-05,0x01,true,,
"I2C","data",4.56644781,2.325e-05,0x00,true,,
"I2C","data",4.56647256,2.325e-05,0x80,true,,
"I2C","data",4.56649725,2.33125e-05,0x8D,true,,
"I2C","data",4.566522,2.325e-05,0x5B,true,,
"I2C","data",4.56654675,2.325e-05,0x00,true,,
"I2C","data",4.5665715,2.325e-05,0x20,true,,
"I2C","data",4.56659625,2.325e-05,0xBF,true,,
"I2C","data",4.56662094,2.325e-05,0x02,true,,
"I2C","data",4.56664569,2.325e-05,0x00,true,,
"I2C","data",4.56667044,2.325e-05,0x00,true,,
"I2C","data",4.56669519,2.325e-05,0x12,true,,
"I2C","data",4.56671994,2.325e-05,0x7A,true,,
"I2C","data",4.56674463,2.325e-05,0x00,true,,
"I2C","data",4.56676937,2.325e-05,0x60,true,,
"I2C","data",4.56679413,2.325e-05,0xE3,true,,
"I2C","data",4.56681888,2.325e-05,0x16,true,,
"I2C","data",4.56684356,2.325e-05,0x00,true,,
"I2C","data",4.56686831,2.325e-05,0x30,true,,
"I2C","data",4.56689306,2.325e-05,0x11,true,,
"I2C","data",4.56691781,2.325e-05,0x00,true,,
"I2C","data",4.56694256,2.325e-05,0x00,true,,
"I2C","data",4.56696725,2.33125e-05,0xD0,true,,
"I2C","data",4.566992,2.325e-05,0xEE,true,,
"I2C","data",4.56701675,2.325e-05,0xFF,true,,
"I2C","data",4.5670415,2.325e-05,0xFF,true,,
"I2C","data",4.56706625,2.325e-05,0x20,true,,
"I2C","data",4.567091,2.325e-05,0x03,true,,
"I2C","data",4.56711569,2.33125e-05,0xD0,true,,
"I2C","data",4.56714044,2.325e-05,0x07,true,,
"I2C","data",4.56716519,2.325e-05,0x64,true,,
"I2C","data",4.56718994,2.325e-05,0x00,true,,
"I2C","data",4.56721463,2.33125e-05,0xF4,true,,
"I2C","data",4.56723937,2.325e-05,0x01,true,,
"I2C","data",4.56726413,2.325e-05,0x00,true,,
"I2C","data",4.56728888,2.325e-05,0x00,true,,
"I2C","data",4.56731362,2.325e-05,0x00,true,,
"I2C","data",4.56733838,2.325e-05,0x00,true,,
"I2C","data",4.56736306,2.325e-05,0x00,true,,
"I2C","data",4.56738781,2.325e-05,0x00,true,,
"I2C","data",4.56741256,2.325e-05,0x00,true,,
"I2C","data",4.56743731,2.325e-05,0x00,true,,
"I2C","data",4.567462,2.325e-05,0x00,true,,
"I2C","data",4.56748675,2.325e-05,0x00,true,,
"I2C","data",4.5675115,2.325e-05,0x00,true,,
"I2C","data",4.56753625,2.325e-05,0x00,true,,
"I2C","data",4.567561,2.325e-05,0x00,true,,
"I2C","data",4.56758569,2.325e-05,0x40,true,,
"I2C","data",4.56761044,2.325e-05,0x00,true,,
"I2C","data",4.56763519,2.325e-05,0x00,true,,
"I2C","data",4.56765994,2.325e-05,0x00,true,,
"I2C","data",4.56768463,2.325e-05,0x00,true,,
"I2C","data",4.56770937,2.325e-05,0x00,true,,
"I2C","data",4.56773413,2.325e-05,0x01,true,,
"I2C","data",4.56775888,2.325e-05,0x00,true,,
"I2C","data",4.56778362,2.325e-05,0x00,true,,
"I2C","data",4.56780831,2.33125e-05,0x00,true,,
"I2C","data",4.56783306,2.325e-05,0x00,true,,
"I2C","data",4.56785781,2.325e-05,0x00,true,,
"I2C","data",4.56788256,2.325e-05,0x00,true,,
"I2C","data",4.56790731,2.325e-05,0x00,true,,
"I2C","data",4.56793206,2.325e-05,0x00,true,,
"I2C","data",4.56795675,2.33125e-05,0x00,true,,
"I2C","data",4.5679815,2.325e-05,0x00,true,,
"I2C","data",4.56800625,2.325e-05,0x00,true,,
"I2C","data",4.568031,2.325e-05,0x00,true,,
"I2C","data",4.56805575,2.325e-05,0x00,true,,
"I2C","data",4.5680805,2.325e-05,0x00,true,,
"I2C","data",4.56810519,2.33125e-05,0x00,true,,
"I2C","data",4.56812994,2.325e-05,0x00,true,,
"I2C","data",4.56815469,2.325e-05,0x00,true,,
"I2C","data",4.56817944,2.325e-05,0x00,true,,
"I2C","data",4.56820419,2.325e-05,0x00,true,,
"I2C","data",4.56822887,2.33125e-05,0x00,true,,
"I2C","data",4.56825362,2.325e-05,0x00,true,,
"I2C","data",4.56827838,2.325e-05,0x00,true,,
"I2C","data",4.56830313,2.325e-05,0x00,true,,
"I2C","data",4.56832787,2.325e-05,0x00,false,,
"I2C","stop",4.56835406,6.24999993e-08,,,,
"I2C","start",4.56835912,6.24999993e-08,,,,
"I2C","address",4.56836175,2.325e-05,,true,0x25,false
"I2C","data",4.5683905,2.31875e-05,0x40,true,,
"I2C","start",4.56841919,6.25000002e-08,,,,
"I2C","address",4.56842181,2.325e-05,,true,0x25,true
"I2C","data",4.56845525,2.31875e-05,0x00,false,,
"I2C","stop",4.56848138,6.24999993e-08,,,,
"I2C","start",4.86638988,6.24999993e-08,,,,
"I2C","address",4.8663925,2.325e-05,,true,0x25,false
"I2C","stop",4.86642256,6.24999993e-08,,,,
"I2C","start",4.86642775,6.24999993e-08,,,,
"I2C","address",4.86643031,2.325e-05,,true,0x25,false
"I2C","data",4.86645919,2.325e-05,0x00,true,,
"I2C","start",4.86648781,6.25000002e-08,,,,
"I2C","address",4.86649044,2.325e-05,,true,0x25,true
"I2C","data",4.866524,2.3125e-05,0xA5,true,,
"I2C","data",4.86654863,2.325e-05,0x03,false,,
"I2C","stop",4.86657488,6.25000002e-08,,,,
"I2C","start",4.8665805,6.25000002e-08,,,,
"I2C","address",4.86658313,2.325e-05,,true,0x25,false
"I2C","data",4.86661188,2.325e-05,0x40,true,,
"I2C","start",4.86664062,6.25000002e-08,,,,
"I2C","address",4.86664319,2.325e-05,,true,0x25,true
"I2C","data",4.86667663,2.31875e-05,0x00,false,,
"I2C","stop",4.86670275,6.24999993e-08,,,,
"I2C","start",4.86670819,6.25000011e-08,,,,
"I2C","address",4.86671081,2.31875e-05,,true,0x25,false
"I2C","data",4.8667395,2.3125e-05,0x00,true,,
"I2C","start",4.86676825,6.24999993e-08,,,,
"I2C","address",4.86677088,2.325e-05,,true,0x25,true
"I2C","data",4.86680431,2.33125e-05,0xA5,true,,
"I2C","data",4.86682906,2.325e-05,0x03,true,,
"I2C","data",4.86685381,2.325e-05,0x00,true,,
"I2C","data",4.86687856,2.325e-05,0x00,true,,
"I2C","data",4.86690325,2.325e-05,0x28,true,,
"I2C","data",4.866928,2.325e-05,0xEF,true,,
"I2C","data",4.86695275,2.325e-05,0x5B,true,,
"I2C","data",4.8669775,2.325e-05,0x00,true,,
"I2C","data",4.86700219,2.325e-05,0x03,true,,
"I2C","data",4.86702694,2.325e-05,0x00,true,,
"I2C","data",4.86705169,2.325e-05,0x00,true,,
"I2C","data",4.86707644,2.325e-05,0x00,true,,
"I2C","data",4.86710112,2.325e-05,0x40,true,,
"I2C","data",4.86712588,2.325e-05,0x0D,true,,
"I2C","data",4.86715062,2.325e-05,0x03,true,,
"I2C","data",4.86717531,2.325e-05,0x00,true,,
"I2C","data",4.86720006,2.325e-05,0x01,true,,
"I2C","data",4.86722481,2.325e-05,0x00,true,,
"I2C","data",4.86724956,2.325e-05,0x01,true,,
"I2C","data",4.86727425,2.325e-05,0x00,true,,
"I2C","data",4.867299,2.325e-05,0x80,true,,
"I2C","data",4.86732375,2.325e-05,0x8D,true,,
"I2C","data",4.8673485,2.325e-05,0x5B,true,,
"I2C","data",4.86737325,2.325e-05,0x00,true,,
"I2C","data",4.86739794,2.325e-05,0x20,true,,
"I2C","data",4.86742269,2.325e-05,0xBF,true,,
"I2C","data",4.86744744,2.325e-05,0x02,true,,
"I2C","data",4.86747219,2.325e-05,0x00,true,,
"I2C","data",4.86749687,2.325e-05,0x00,true,,
"I2C","data",4.86752163,2.325e-05,0x12,true,,
"I2C","data",4.86754637,2.325e-05,0x7A,true,,
"I2C","data",4.86757113,2.325e-05,0x00,true,,
"I2C","data",4.86759581,2.325e-05,0x60,true,,
"I2C","data",4.86762056,2.325e-05,0xE3,true,,
"I2C","data",4.86764531,2.325e-05,0x16,true,,
"I2C","data",4.86767006,2.325e-05,0x00,true,,
"I2C","data",4.86769475,2.325e-05,0x30,true,,
"I2C","data",4.8677195,2.325e-05,0x11,true,,
"I2C","data",4.86774425,2.325e-05,0x00,true,,
"I2C","data",4.867769,2.325e-05,0x00,true,,
"I2C","data",4.86779369,2.325e-05,0xD0,true,,
"I2C","data",4.86781844,2.325e-05,0xEE,true,,
"I2C","data",4.86784319,2.325e-05,0xFF,true,,
"I2C","data",4.86786794,2.325e-05,0xFF,true,,
"I2C","data",4.86789262,2.325e-05,0x20,true,,
"I2C","data",4.86791738,2.325e-05,0x03,true,,
"I2C","data",4.86794212,2.325e-05,0xD0,true,,
"I2C","data",4.86796687,2.325e-05,0x07,true,,
"I2C","data",4.86799156,2.325e-05,0x64,true,,
"I2C","data",4.86801631,2.325e-05,0x00,true,,
"I2C","data",4.86804106,2.325e-05,0xF4,true,,
"I2C","data",4.86806581,2.325e-05,0x01,true,,
"I2C","data",4.8680905,2.33125e-05,0x00,true,,
"I2C","data",4.86811525,2.325e-05,0x00,true,,
"I2C","data",4.86814,2.325e-05,0x00,true,,
"I2C","data",4.86816475,2.325e-05,0x00,true,,
"I2C","data",4.86818944,2.325e-05,0x00,true,,
"I2C","data",4.86821419,2.325e-05,0x00,true,,
"I2C","data",4.86823894,2.325e-05,0x00,true,,
"I2C","data",4.86826369,2.325e-05,0x00,true,,
"I2C","data",4.86828837,2.325e-05,0x00,true,,
"I2C","data",4.86831313,2.325e-05,0x00,true,,
"I2C","data",4.86833787,2.325e-05,0x00,true,,
"I2C","data",4.86836262,2.325e-05,0x00,true,,
"I2C","data",4.86838731,2.325e-05,0x00,true,,
"I2C","data",4.86841206,2.325e-05,0x40,true,,
"I2C","data",4.86843681,2.325e-05,0x00,true,,
"I2C","data",4.86846156,2.325e-05,0x00,true,,
"I2C","data",4.86848631,2.325e-05,0x00,true,,
"I2C","data",4.868511,2.325e-05,0x00,true,,
"I2C","data",4.86853575,2.325e-05,0x00,true,,
"I2C","data",4.8685605,2.325e-05,0x01,true,,
"I2C","data",4.86858519,2.33125e-05,0x00,true,,
"I2C","data",4.86860994,2.325e-05,0x00,true,,
"I2C","data",4.86863469,2.325e-05,0x00,true,,
"I2C","data",4.86865944,2.325e-05,0x00,true,,
"I2C","data",4.86868419,2.325e-05,0x00,true,,
"I2C","data",4.86870888,2.325e-05,0x00,true,,
"I2C","data",4.86873362,2.325e-05,0x00,true,,
"I2C","data",4.86875837,2.325e-05,0x00,true,,
"I2C","data",4.86878313,2.325e-05,0x00,true,,
"I2C","data",4.86880781,2.325e-05,0x00,true,,
"I2C","data",4.86883256,2.325e-05,0x00,true,,
"I2C","data",4.86885731,2.325e-05,0x00,true,,
"I2C","data",4.86888206,2.325e-05,0x00,true,,
"I2C","data",4.86890675,2.325e-05,0x00,true,,
"I2C","data",4.8689315,2.325e-05,0x00,true,,
"I2C","data",4.86895625,2.325e-05,0x00,true,,
"I2C","data",4.868981,2.325e-05,0x00,true,,
"I2C","data",4.86900569,2.325e-05,0x00,true,,
"I2C","data",4.86903044,2.325e-05,0x00,true,,
"I2C","data",4.86905519,2.325e-05,0x00,true,,
"I2C","data",4.86907994,2.31875e-05,0x00,true,,
"I2C","data",4.86910463,2.325e-05,0x00,true,,
"I2C","data",4.86912938,2.325e-05,0x00,true,,
"I2C","data",4.86915412,2.325e-05,0x00,false,,
"I2C","stop",4.86918031,6.24999993e-08,,,,
"I2C","start",4.8691855,6.24999993e-08,,,,
"I2C","address",4.86918806,2.325e-05,,true,0x25,false
"I2C","data",4.86921675,2.31875e-05,0x40,true,,
"I2C","start",4.86924556,6.25000002e-08,,,,
"I2C","address",4.86924819,2.325e-05,,true,0x25,true
"I2C","data",4.86928163,2.325e-05,0x00,false,,
"I2C","stop",4.86930787,6.25000011e-08,,,,
"I2C","start",5.16723169,6.24999993e-08,,,,
"I2C","address",5.16723431,2.325e-05,,true,0x25,false
"I2C","stop",5.16726438,6.24999993e-08,,,,
"I2C","start",5.16726969,6.25000002e-08,,,,
"I2C","address",5.16727225,2.325e-05,,true,0x25,false
"I2C","data",5.16730106,2.31875e-05,0x00,true,,
"I2C","start",5.16732962,6.25000002e-08,,,,
"I2C","address",5.16733225,2.325e-05,,true,0x25,true
"I2C","data",5.16736581,2.31875e-05,0xA5,true,,
"I2C","data",5.16739044,2.33125e-05,0x03,false,,
"I2C","stop",5.16741669,6.25000002e-08,,,,
"I2C","start",5.1674225,6.25000002e-08,,,,
"I2C","address",5.16742506,2.325e-05,,true,0x25,false
"I2C","data",5.16745375,2.31875e-05,0x40,true,,
"I2C","start",5.16748256,6.24999993e-08,,,,
"I2C","address",5.16748519,2.325e-05,,true,0x25,true
"I2C","data",5.16751862,2.31875e-05,0x00,false,,
"I2C","stop",5.16754475,6.25000002e-08,,,,
"I2C","start",5.16755019,6.24999993e-08,,,,
"I2C","address",5.16755275,2.325e-05,,true,0x25,false
"I2C","data",5.16758144,2.31875e-05,0x00,true,,
"I2C","start",5.16761025,6.25000002e-08,,,,
"I2C","address",5.16761287,2.325e-05,,true,0x25,true
"I2C","data",5.16764644,2.31875e-05,0xA5,true,,
"I2C","data",5.16767106,2.325e-05,0x03,true,,
"I2C","data",5.16769581,2.325e-05,0x00,true,,
"I2C","data",5.16772056,2.325e-05,0x00,true,,
"I2C","data",5.16774531,2.325e-05,0x28,true,,
"I2C","data",5.16777,2.33125e-05,0xEF,true,,
"I2C","data",5.16779475,2.325e-05,0x5B,true,,
"I2C","data",5.1678195,2.325e-05,0x00,true,,
"I2C","data",5.16784425,2.325e-05,0x03,true,,
"I2C","data",5.167869,2.325e-05,0x00,true,,
"I2C","data",5.16789375,2.325e-05,0x00,true,,
"I2C","data",5.16791844,2.325e-05,0x00,true,,
"I2C","data",5.16794319,2.325e-05,0x40,true,,
"I2C","data",5.16796794,2.325e-05,0x0D,true,,
"I2C","data",5.16799269,2.325e-05,0x03,true,,
"I2C","data",5.16801744,2.325e-05,0x00,true,,
"I2C","data",5.16804213,2.325e-05,0x01,true,,
"I2C","data",5.16806688,2.325e-05,0x00,true,,
"I2C","data",5.16809162,2.325e-05,0x01,true,,
"I2C","data",5.16811638,2.325e-05,0x00,true,,
"I2C","data",5.16814113,2.325e-05,0x80,true,,
"I2C","data",5.16816581,2.33125e-05,0x8D,true,,
"I2C","data",5.16819056,2.325e-05,0x5B,true,,
"I2C","data",5.16821531,2.325e-05,0x00,true,,
"I2C","data",5.16824006,2.325e-05,0x20,true,,
"I2C","data",5.16826481,2.325e-05,0xBF,true,,
"I2C","data",5.16828956,2.325e-05,0x02,true,,
"I2C","data",5.16831425,2.325e-05,0x00,true,,
"I2C","data",5.168339,2.325e-05,0x00,true,,
"I2C","data",5.16836375,2.325e-05,0x12,true,,
"I2C","data",5.1683885,2.325e-05,0x7A,true,,
"I2C","data",5.16841325,2.325e-05,0x00,true,,
"I2C","data",5.168438,2.325e-05,0x60,true,,
"I2C","data",5.16846269,2.325e-05,0xE3,true,,
"I2C","data",5.16848744,2.325e-05,0x16,true,,
"I2C","data",5.16851219,2.325e-05,0x00,true,,
"I2C","data",5.16853694,2.325e-05,0x30,true,,
"I2C","data",5.16856162,2.33125e-05,0x11,true,,
"I2C","data",5.16858638,2.325e-05,0x00,true,,
"I2C","data",5.16861112,2.325e-05,0x00,true,,
"I2C","data",5.16863587,2.325e-05,0xD0,true,,
"I2C","data",5.16866063,2.325e-05,0xEE,true,,
"I2C","data",5.16868531,2.33125e-05,0xFF,true,,
"I2C","data",5.16871006,2.325e-05,0xFF,true,,
"I2C","data",5.16873481,2.325e-05,0x20,true,,
"I2C","data",5.16875956,2.325e-05,0x03,true,,
"I2C","data",5.16878431,2.325e-05,0xD0,true,,
"I2C","data",5.16880906,2.325e-05,0x07,true,,
"I2C","data",5.16883381,2.325e-05,0x64,true,,
"I2C","data",5.1688585,2.325e-05,0x00,true,,
"I2C","data",5.16888325,2.325e-05,0xF4,true,,
"I2C","data",5.168908,2.325e-05,0x01,true,,
"I2C","data",5.16893275,2.325e-05,0x00,true,,
"I2C","data",5.1689575,2.325e-05,0x00,true,,
"I2C","data",5.16898225,2.325e-05,0x00,true,,
"I2C","data",5.16900694,2.33125e-05,0x00,true,,
"I2C","data",5.16903169,2.325e-05,0x00,true,,
"I2C","data",5.16905644,2.325e-05,0x00,true,,
"I2C","data",5.16908119,2.325e-05,0x00,true,,
"I2C","data",5.16910594,2.325e-05,0x00,true,,
"I2C","data",5.16913069,2.325e-05,0x00,true,,
"I2C","data",5.16915544,2.325e-05,0x00,true,,
"I2C","data",5.16918012,2.33125e-05,0x00,true,,
"I2C","data",5.16920488,2.325e-05,0x00,true,,
"I2C","data",5.16922962,2.325e-05,0x00,true,,
"I2C","data",5.16925438,2.325e-05,0x40,true,,
"I2C","data",5.16927913,2.325e-05,0x00,true,,
"I2C","data",5.16930387,2.325e-05,0x00,true,,
"I2C","data",5.16932863,2.325e-05,0x00,true,,
"I2C","data",5.16935331,2.33125e-05,0x00,true,,
"I2C","data",5.16937806,2.325e-05,0x00,true,,
"I2C","data",5.16940281,2.325e-05,0x01,true,,
"I2C","data",5.16942756,2.325e-05,0x00,true,,
"I2C","data",5.16945231,2.325e-05,0x00,true,,
"I2C","data",5.169477,2.33125e-05,0x00,true,,
"I2C","data",5.16950175,2.325e-05,0x00,true,,
"I2C","data",5.1695265,2.325e-05,0x00,true,,
"I2C","data",5.16955125,2.325e-05,0x00,true,,
"I2C","data",5.169576,2.325e-05,0x00,true,,
"I2C","data",5.16960069,2.325e-05,0x00,true,,
"I2C","data",5.16962544,2.325e-05,0x00,true,,
"I2C","data",5.16965019,2.325e-05,0x00,true,,
"I2C","data",5.16967494,2.325e-05,0x00,true,,
"I2C","data",5.16969962,2.33125e-05,0x00,true,,
"I2C","data",5.16972438,2.325e-05,0x00,true,,
"I2C","data",5.16974913,2.325e-05,0x00,true,,
"I2C","data",5.16977387,2.325e-05,0x00,true,,
"I2C","data",5.16979863,2.325e-05,0x00,true,,
"I2C","data",5.16982331,2.33125e-05,0x00,true,,
"I2C","data",5.16984806,2.325e-05,0x00,true,,
"I2C","data",5.16987281,2.325e-05,0x00,true,,
"I2C","data",5.16989756,2.325e-05,0x00,true,,
"I2C","data",5.16992231,2.325e-05,0x00,true,,
"I2C","data",5.169947,2.325e-05,0x00,true,,
"I2C","data",5.16997175,2.325e-05,0x00,true,,
"I2C","data",5.1699965,2.325e-05,0x00,false,,
"I2C","stop",5.17002269,6.24999993e-08,,,,
"I2C","start",5.17002812,6.25000002e-08,,,,
"I2C","address",5.17003075,2.325e-05,,true,0x25,false
"I2C","data",5.1700595,2.31875e-05,0x40,true,,
"I2C","start",5.17008831,6.24999993e-08,,,,
"I2C","address",5.17009094,2.325e-05,,true,0x25,true
"I2C","data",5.17012438,2.31875e-05,0x00,false,,
"I2C","stop",5.1701505,6.25000002e-08,,,,
"I2C","start",5.46807325,6.25000002e-08,,,,
"I2C","address",5.46807588,2.325e-05,,true,0x25,false
"I2C","stop",5.46810594,6.25000002e-08,,,,
"I2C","start",5.46811113,6.24999993e-08,,,,
"I2C","address",5.46811369,2.33125e-05,,true,0x25,false
"I2C","data",5.46814256,2.3125e-05,0x00,true,,
"I2C","start",5.46817119,6.25000002e-08,,,,
"I2C","address",5.46817381,2.325e-05,,true,0x25,true
"I2C","data",5.46820731,2.325e-05,0xA5,true,,
"I2C","data",5.46823206,2.325e-05,0x03,false,,
"I2C","stop",5.46825825,6.25000002e-08,,,,
"I2C","start",5.46826394,6.24999993e-08,,,,
"I2C","address",5.4682665,2.325e-05,,true,0x25,false
"I2C","data",5.46829525,2.325e-05,0x40,true,,
"I2C","start",5.468324,6.25000002e-08,,,,
"I2C","address",5.46832663,2.325e-05,,true,0x25,true
"I2C","data",5.46836006,2.31875e-05,0x00,false,,
"I2C","stop",5.46838619,6.24999993e-08,,,,
"I2C","start",5.46839175,6.24999993e-08,,,,
"I2C","address",5.46839431,2.33125e-05,,true,0x25,false
"I2C","data",5.46842306,2.3125e-05,0x00,true,,
"I2C","start",5.46845169,6.25000002e-08,,,,
"I2C","address",5.46845431,2.325e-05,,true,0x25,true
"I2C","data",5.46848788,2.31875e-05,0xA5,true,,
"I2C","data",5.46851256,2.325e-05,0x03,true,,
"I2C","data",5.46853725,2.33125e-05,0x00,true,,
"I2C","data",5.468562,2.325e-05,0x00,true,,
"I2C","data",5.46858675,2.325e-05,0x28,true,,
"I2C","data",5.4686115,2.325e-05,0xEF,true,,
"I2C","data",5.46863625,2.325e-05,0x5B,true,,
"I2C","data",5.468661,2.325e-05,0x00,true,,
"I2C","data",5.46868569,2.33125e-05,0x03,true,,
"I2C","data",5.46871044,2.325e-05,0x00,true,,
"I2C","data",5.46873519,2.325e-05,0x00,true,,
"I2C","data",5.46875994,2.325e-05,0x00,true,,
"I2C","data",5.46878469,2.325e-05,0x40,true,,
"I2C","data",5.46880944,2.325e-05,0x0D,true,,
"I2C","data",5.46883412,2.325e-05,0x03,true,,
"I2C","data",5.46885887,2.325e-05,0x00,true,,
"I2C","data",5.46888363,2.325e-05,0x01,true,,
"I2C","data",5.46890837,2.325e-05,0x00,true,,
"I2C","data",5.46893313,2.325e-05,0x01,true,,
"I2C","data",5.46895781,2.325e-05,0x00,true,,
"I2C","data",5.46898256,2.325e-05,0x80,true,,
"I2C","data",5.46900731,2.325e-05,0x8D,true,,
"I2C","data",5.46903206,2.325e-05,0x5B,true,,
"I2C","data",5.46905681,2.325e-05,0x00,true,,
"I2C","data",5.4690815,2.325e-05,0x20,true,,
"I2C","data",5.46910625,2.325e-05,0xBF,true,,
"I2C","data",5.469131,2.325e-05,0x02,true,,
"I2C","data",5.46915575,2.325e-05,0x00,true,,
"I2C","data",5.4691805,2.325e-05,0x00,true,,
"I2C","data",5.46920525,2.325e-05,0x12,true,,
"I2C","data",5.46922994,2.325e-05,0x7A,true,,
"I2C","data",5.46925469,2.325e-05,0x00,true,,
"I2C","data",5.46927944,2.325e-05,0x60,true,,
"I2C","data",5.46930419,2.325e-05,0xE3,true,,
"I2C","data",5.46932894,2.325e-05,0x16,true,,
"I2C","data",5.46935369,2.325e-05,0x00,true,,
"I2C","data",5.46937837,2.325e-05,0x30,true,,
"I2C","data",5.46940313,2.325e-05,0x11,true,,
"I2C","data",5.46942788,2.325e-05,0x00,true,,
"I2C","data",5.46945262,2.325e-05,0x00,true,,
"I2C","data",5.46947731,2.325e-05,0xD0,true,,
"I2C","data",5.46950206,2.325e-05,0xEE,true,,
"I2C","data",5.46952681,2.325e-05,0xFF,true,,
"I2C","data",5.46955156,2.325e-05,0xFF,true,,
"I2C","data",5.46957631,2.325e-05,0x20,true,,
"I2C","data",5.469601,2.325e-05,0x03,true,,
"I2C","data",5.46962575,2.325e-05,0xD0,true,,
"I2C","data",5.4696505,2.325e-05,0x07,true,,
"I2C","data",5.46967525,2.325e-05,0x64,true,,
"I2C","data",5.4697,2.325e-05,0x00,true,,
"I2C","data",5.46972469,2.33125e-05,0xF4,true,,
"I2C","data",5.46974944,2.325e-05,0x01,true,,
"I2C","data",5.46977419,2.325e-05,0x00,true,,
"I2C","data",5.46979894,2.325e-05,0x00,true,,
"I2C","data",5.46982369,2.325e-05,0x00,true,,
"I2C","data",5.46984837,2.33125e-05,0x00,true,,
"I2C","data",5.46987313,2.325e-05,0x00,true,,
"I2C","data",5.46989788,2.325e-05,0x00,true,,
"I2C","data",5.46992263,2.325e-05,0x00,true,,
"I2C","data",5.46994738,2.325e-05,0x00,true,,
"I2C","data",5.46997212,2.325e-05,0x00,true,,
"I2C","data",5.46999687,2.325e-05,0x00,true,,
"I2C","data",5.47002156,2.325e-05,0x00,true,,
"I2C","data",5.47004631,2.325e-05,0x00,true,,
"I2C","data",5.47007106,2.325e-05,0x00,true,,
"I2C","data",5.47009581,2.325e-05,0x40,true,,
"I2C","data",5.47012056,2.325e-05,0x00,true,,
"I2C","data",5.47014525,2.325e-05,0x00,true,,
"I2C","data",5.47017,2.325e-05,0x00,true,,
"I2C","data",5.47019475,2.325e-05,0x00,true,,
"I2C","data",5.4702195,2.325e-05,0x00,true,,
"I2C","data",5.47024425,2.325e-05,0x01,true,,
"I2C","data",5.47026894,2.33125e-05,0x00,true,,
"I2C","data",5.47029369,2.325e-05,0x00,true,,
"I2C","data",5.47031844,2.325e-05,0x00,true,,
"I2C","data",5.47034319,2.325e-05,0x00,true,,
"I2C","data",5.47036794,2.325e-05,0x00,true,,
"I2C","data",5.47039269,2.325e-05,0x00,true,,
"I2C","data",5.47041738,2.325e-05,0x00,true,,
"I2C","data",5.47044212,2.325e-05,0x00,true,,
"I2C","data",5.47046688,2.325e-05,0x00,true,,
"I2C","data",5.47049163,2.325e-05,0x00,true,,
"I2C","data",5.47051631,2.33125e-05,0x00,true,,
"I2C","data",5.47054106,2.325e-05,0x00,true,,
"I2C","data",5.47056581,2.325e-05,0x00,true,,
"I2C","data",5.47059056,2.325e-05,0x00,true,,
"I2C","data",5.47061531,2.325e-05,0x00,true,,
"I2C","data",5.47064006,2.325e-05,0x00,true,,
"I2C","data",5.47066475,2.33125e-05,0x00,true,,
"I2C","data",5.4706895,2.325e-05,0x00,true,,
"I2C","data",5.47071425,2.325e-05,0x00,true,,
"I2C","data",5.470739,2.325e-05,0x00,true,,
"I2C","data",5.47076375,2.325e-05,0x00,true,,
"I2C","data",5.47078844,2.325e-05,0x00,true,,
"I2C","data",5.47081319,2.325e-05,0x00,true,,
"I2C","data",5.47083794,2.325e-05,0x00,false,,
"I2C","stop",5.47086419,6.24999993e-08,,,,
"I2C","start",5.47086969,6.25000011e-08,,,,
"I2C","address",5.47087231,2.325e-05,,true,0x25,false
"I2C","data",5.47090106,2.325e-05,0x40,true,,
"I2C","start",5.47092981,6.25000011e-08,,,,
"I2C","address",5.47093238,2.325e-05,,true,0x25,true
"I2C","data",5.470966,2.325e-05,0x00,false,,
"I2C","stop",5.47099225,6.24999993e-08,,,,
"I2C","start",5.76890463,6.25000002e-08,,,,
"I2C","address",5.76890725,2.325e-05,,true,0x25,false
"I2C","stop",5.76893731,6.25000002e-08,,,,
"I2C","start",5.76894237,6.25000002e-08,,,,
"I2C","address",5.768945,2.325e-05,,true,0x25,false
"I2C","data",5.76897369,2.325e-05,0x00,true,,
"I2C","start",5.76900244,6.24999993e-08,,,,
"I2C","address",5.76900506,2.325e-05,,true,0x25,true
"I2C","data",5.7690385,2.33125e-05,0xA5,true,,
"I2C","data",5.76906325,2.325e-05,0x03,false,,
"I2C","stop",5.7690895,6.24999993e-08,,,,
"I2C","start",5.76909525,6.25000002e-08,,,,
"I2C","address",5.76909787,2.325e-05,,true,0x25,false
"I2C","data",5.76912656,2.31875e-05,0x40,true,,
"I2C","start",5.76915538,6.25000002e-08,,,,
"I2C","address",5.76915794,2.325e-05,,true,0x25,true
"I2C","data",5.76919138,2.31875e-05,0x00,false,,
"I2C","stop",5.7692175,6.25000002e-08,,,,
"I2C","start",5.76922281,6.24999993e-08,,,,
"I2C","address",5.76922544,2.325e-05,,true,0x25,false
"I2C","data",5.76925419,2.31875e-05,0x00,true,,
"I2C","start",5.76928288,6.25000002e-08,,,,
"I2C","address",5.7692855,2.325e-05,,true,0x25,true
"I2C","data",5.769319,2.325e-05,0xA5,true,,
"I2C","data",5.76934369,2.325e-05,0x03,true,,
"I2C","data",5.76936844,2.325e-05,0x00,true,,
"I2C","data",5.76939319,2.325e-05,0x00,true,,
"I2C","data",5.76941794,2.325e-05,0x28,true,,
"I2C","data",5.76944262,2.325e-05,0xEF,true,,
"I2C","data",5.76946737,2.325e-05,0x5B,true,,
"I2C","data",5.76949213,2.325e-05,0x00,true,,
"I2C","data",5.76951687,2.325e-05,0x03,true,,
"I2C","data",5.76954156,2.325e-05,0x00,true,,
"I2C","data",5.76956631,2.325e-05,0x00,true,,
"I2C","data",5.76959106,2.325e-05,0x00,true,,
"I2C","data",5.76961575,2.33125e-05,0x40,true,,
"I2C","data",5.7696405,2.325e-05,0x0D,true,,
"I2C","data",5.76966525,2.325e-05,0x03,true,,
"I2C","data",5.76969,2.325e-05,0x00,true,,
"I2C","data",5.76971469,2.33125e-05,0x01,true,,
"I2C","data",5.76973944,2.325e-05,0x00,true,,
"I2C","data",5.76976419,2.325e-05,0x01,true,,
"I2C","data",5.76978894,2.325e-05,0x00,true,,
"I2C","data",5.76981363,2.325e-05,0x80,true,,
"I2C","data",5.76983837,2.325e-05,0x8D,true,,
"I2C","data",5.76986312,2.325e-05,0x5B,true,,
"I2C","data",5.76988788,2.325e-05,0x00,true,,
"I2C","data",5.76991262,2.325e-05,0x20,true,,
"I2C","data",5.76993731,2.325e-05,0xBF,true,,
"I2C","data",5.76996206,2.325e-05,0x02,true,,
"I2C","data",5.76998681,2.325e-05,0x00,true,,
"I2C","data",5.77001156,2.325e-05,0x00,true,,
"I2C","data",5.77003625,2.325e-05,0x12,true,,
"I2C","data",5.770061,2.325e-05,0x7A,true,,
"I2C","data",5.77008575,2.325e-05,0x00,true,,
"I2C","data",5.7701105,2.325e-05,0x60,true,,
"I2C","data",5.77013519,2.325e-05,0xE3,true,,
"I2C","data",5.77015994,2.325e-05,0x16,true,,
"I2C","data",5.77018469,2.325e-05,0x00,true,,
"I2C","data",5.77020944,2.325e-05,0x30,true,,
"I2C","data",5.77023419,2.325e-05,0x11,true,,
"I2C","data",5.77025887,2.325e-05,0x00,true,,
"I2C","data",5.77028363,2.325e-05,0x00,true,,
"I2C","data",5.77030837,2.325e-05,0xD0,true,,
"I2C","data",5.77033312,2.325e-05,0xEE,true,,
"I2C","data",5.77035781,2.33125e-05,0xFF,true,,
"I2C","data",5.77038256,2.325e-05,0xFF,true,,
"I2C","data",5.77040731,2.325e-05,0x20,true,,
"I2C","data",5.77043206,2.325e-05,0x03,true,,
"I2C","data",5.77045675,2.33125e-05,0xD0,true,,
"I2C","data",5.7704815,2.325e-05,0x07,true,,
"I2C","data",5.77050625,2.325e-05,0x64,true,,
"I2C","data",5.770531,2.325e-05,0x00,true,,
"I2C","data",5.77055575,2.325e-05,0xF4,true,,
"I2C","data",5.77058044,2.325e-05,0x01,true,,
"I2C","data",5.77060519,2.325e-05,0x00,true,,
"I2C","data",5.77062994,2.325e-05,0x00,true,,
"I2C","data",5.77065469,2.325e-05,0x00,true,,
"I2C","data",5.77067938,2.325e-05,0x00,true,,
"I2C","data",5.77070412,2.325e-05,0x00,true,,
"I2C","data",5.77072887,2.325e-05,0x00,true,,
"I2C","data",5.77075363,2.325e-05,0x00,true,,
"I2C","data",5.77077831,2.325e-05,0x00,true,,
"I2C","data",5.77080306,2.325e-05,0x00,true,,
"I2C","data",5.77082781,2.325e-05,0x00,true,,
"I2C","data",5.7708525,2.325e-05,0x00,true,,
"I2C","data",5.77087725,2.325e-05,0x00,true,,
"I2C","data",5.770902,2.325e-05,0x00,true,,
"I2C","data",5.77092675,2.325e-05,0x40,true,,
"I2C","data",5.77095144,2.325e-05,0x00,true,,
"I2C","data",5.77097619,2.325e-05,0x00,true,,
"I2C","data",5.77100094,2.325e-05,0x00,true,,
"I2C","data",5.77102563,2.325e-05,0x00,true,,
"I2C","data",5.77105037,2.325e-05,0x00,true,,
"I2C","data",5.77107513,2.325e-05,0x01,true,,
"I2C","data",5.77109987,2.325e-05,0x00,true,,
"I2C","data",5.77112456,2.325e-05,0x00,true,,
"I2C","data",5.77114931,2.325e-05,0x00,true,,
"I2C","data",5.77117406,2.325e-05,0x00,true,,
"I2C","data",5.77119875,2.325e-05,0x00,true,,
"I2C","data",5.7712235,2.325e-05,0x00,true,,
"I2C","data",5.77124825,2.325e-05,0x00,true,,
"I2C","data",5.77127294,2.325e-05,0x00,true,,
"I2C","data",5.77129769,2.325e-05,0x00,true,,
"I2C","data",5.77132244,2.325e-05,0x00,true,,
"I2C","data",5.77134713,2.325e-05,0x00,true,,
"I2C","data",5.77137187,2.325e-05,0x00,true,,
"I2C","data",5.77139663,2.325e-05,0x00,true,,
"I2C","data",5.77142138,2.325e-05,0x00,true,,
"I2C","data",5.77144606,2.325e-05,0x00,true,,
"I2C","data",5.77147081,2.325e-05,0x00,true,,
"I2C","data",5.77149556,2.325e-05,0x00,true,,
"I2C","data",5.77152025,2.325e-05,0x00,true,,
"I2C","data",5.771545,2.325e-05,0x00,true,,
"I2C","data",5.77156975,2.325e-05,0x00,true,,
"I2C","data",5.77159444,2.325e-05,0x00,true,,
"I2C","data",5.77161919,2.325e-05,0x00,true,,
"I2C","data",5.77164394,2.325e-05,0x00,true,,
"I2C","data",5.77166869,2.325e-05,0x00,false,,
"I2C","stop",5.77169487,6.25000011e-08,,,,
"I2C","start",5.7717,6.25000002e-08,,,,
"I2C","address",5.77170262,2.325e-05,,true,0x25,false
"I2C","data",5.77173137,2.325e-05,0x40,true,,
"I2C","start",5.77176,6.25000011e-08,,,,
"I2C","address",5.77176263,2.325e-05,,true,0x25,true
"I2C","data",5.77179606,2.3125e-05,0x00,false,,
"I2C","stop",5.77182219,6.24999993e-08,,,,
"I2C","start",6.0697055,6.25000002e-08,,,,
"I2C","address",6.06970813,2.325e-05,,true,0x25,false
"I2C","stop",6.06973819,6.25000011e-08,,,,
"I2C","start",6.06974331,6.25000002e-08,,,,
"I2C","address",6.06974594,2.325e-05,,true,0x25,false
"I2C","data",6.06977475,2.31875e-05,0x00,true,,
"I2C","start",6.06980344,6.25000002e-08,,,,
"I2C","address",6.069806,2.325e-05,,true,0x25,true
"I2C","data",6.0698395,2.3125e-05,0xA5,true,,
"I2C","data",6.06986413,2.325e-05,0x03,false,,
"I2C","stop",6.06989031,6.25000002e-08,,,,
"I2C","start",6.06989625,6.25000002e-08,,,,
"I2C","address",6.06989881,2.325e-05,,true,0x25,false
"I2C","data",6.06992756,2.325e-05,0x40,true,,
"I2C","start",6.06995631,6.25000011e-08,,,,
"I2C","address",6.06995894,2.325e-05,,true,0x25,true
"I2C","data",6.06999237,2.3125e-05,0x00,false,,
"I2C","stop",6.0700185,6.24999993e-08,,,,
"I2C","start",6.07002388,6.24999993e-08,,,,
"I2C","address",6.0700265,2.325e-05,,true,0x25,false
"I2C","data",6.07005519,2.31875e-05,0x00,true,,
"I2C","start",6.070084,6.25000002e-08,,,,
"I2C","address",6.07008663,2.325e-05,,true,0x25,true
"I2C","data",6.07012,2.31875e-05,0xA5,true,,
"I2C","data",6.07014469,2.325e-05,0x03,true,,
"I2C","data",6.07016944,2.325e-05,0x00,true,,
"I2C","data",6.07019419,2.325e-05,0x00,true,,
"I2C","data",6.07021888,2.325e-05,0x28,true,,
"I2C","data",6.07024362,2.325e-05,0xEF,true,,
"I2C","data",6.07026838,2.325e-05,0x5B,true,,
"I2C","data",6.07029313,2.325e-05,0x00,true,,
"I2C","data",6.07031781,2.325e-05,0x03,true,,
"I2C","data",6.07034256,2.325e-05,0x00,true,,
"I2C","data",6.07036731,2.325e-05,0x00,true,,
"I2C","data",6.07039206,2.325e-05,0x00,true,,
"I2C","data",6.07041675,2.325e-05,0x40,true,,
"I2C","data",6.0704415,2.325e-05,0x0D,true,,
"I2C","data",6.07046625,2.325e-05,0x03,true,,
"I2C","data",6.070491,2.325e-05,0x00,true,,
"I2C","data",6.07051569,2.33125e-05,0x01,true,,
"I2C","data",6.07054044,2.325e-05,0x00,true,,
"I2C","data",6.07056519,2.325e-05,0x01,true,,
"I2C","data",6.07058994,2.325e-05,0x00,true,,
"I2C","data",6.07061463,2.325e-05,0x80,true,,
"I2C","data",6.07063937,2.325e-05,0x8D,true,,
"I2C","data",6.07066413,2.325e-05,0x5B,true,,
"I2C","data",6.07068888,2.325e-05,0x00,true,,
"I2C","data",6.07071356,2.325e-05,0x20,true,,
"I2C","data",6.07073831,2.325e-05,0xBF,true,,
"I2C","data",6.07076306,2.325e-05,0x02,true,,
"I2C","data",6.07078781,2.325e-05,0x00,true,,
"I2C","data",6.0708125,2.325e-05,0x00,true,,
"I2C","data",6.07083725,2.325e-05,0x12,true,,
"I2C","data",6.070862,2.325e-05,0x7A,true,,
"I2C","data",6.07088669,2.325e-05,0x00,true,,
"I2C","data",6.07091144,2.325e-05,0x60,true,,
"I2C","data",6.07093619,2.325e-05,0xE3,true,,
"I2C","data",6.07096094,2.325e-05,0x16,true,,
"I2C","data",6.07098562,2.33125e-05,0x00,true,,
"I2C","data",6.07101038,2.325e-05,0x30,true,,
"I2C","data",6.07103512,2.325e-05,0x11,true,,
"I2C","data",6.07105988,2.325e-05,0x00,true,,
"I2C","data",6.07108463,2.325e-05,0x00,true,,
"I2C","data",6.07110931,2.325e-05,0xD0,true,,
"I2C","data",6.07113406,2.325e-05,0xEE,true,,
"I2C","data",6.07115881,2.325e-05,0xFF,true,,
"I2C","data",6.0711835,2.33125e-05,0xFF,true,,
"I2C","data",6.07120825,2.325e-05,0x20,true,,
"I2C","data",6.071233,2.325e-05,0x03,true,,
"I2C","data",6.07125775,2.325e-05,0xD0,true,,
"I2C","data",6.0712825,2.325e-05,0x07,true,,
"I2C","data",6.07130719,2.325e-05,0x64,true,,
"I2C","data",6.07133194,2.325e-05,0x00,true,,
"I2C","data",6.07135669,2.325e-05,0xF4,true,,
"I2C","data",6.07138144,2.325e-05,0x01,true,,
"I2C","data",6.07140613,2.325e-05,0x00,true,,
"I2C","data",6.07143087,2.325e-05,0x00,true,,
"I2C","data",6.07145562,2.325e-05,0x00,true,,
"I2C","data",6.07148038,2.325e-05,0x00,true,,
"I2C","data",6.07150506,2.325e-05,0x00,true,,
"I2C","data",6.07152981,2.325e-05,0x00,true,,
"I2C","data",6.07155456,2.325e-05,0x00,true,,
"I2C","data",6.07157925,2.325e-05,0x00,true,,
"I2C","data",6.071604,2.325e-05,0x00,true,,
"I2C","data",6.07162875,2.325e-05,0x00,true,,
"I2C","data",6.0716535,2.325e-05,0x00,true,,
"I2C","data",6.07167819,2.325e-05,0x00,true,,
"I2C","data",6.07170294,2.325e-05,0x00,true,,
"I2C","data",6.07172769,2.325e-05,0x40,true,,
"I2C","data",6.07175244,2.325e-05,0x00,true,,
"I2C","data",6.07177712,2.325e-05,0x00,true,,
"I2C","data",6.07180188,2.325e-05,0x00,true,,
"I2C","data",6.07182662,2.325e-05,0x00,true,,
"I2C","data",6.07185137,2.325e-05,0x00,true,,
"I2C","data",6.07187606,2.325e-05,0x01,true,,
"I2C","data",6.07190081,2.325e-05,0x00,true,,
"I2C","data",6.07192556,2.325e-05,0x00,true,,
"I2C","data",6.07195025,2.325e-05,0x00,true,,
"I2C","data",6.071975,2.325e-05,0x00,true,,
"I2C","data",6.07199975,2.325e-05,0x00,true,,
"I2C","data",6.0720245,2.325e-05,0x00,true,,
"I2C","data",6.07204919,2.325e-05,0x00,true,,
"I2C","data",6.07207394,2.325e-05,0x00,true,,
"I2C","data",6.07209869,2.325e-05,0x00,true,,
"I2C","data",6.07212338,2.325e-05,0x00,true,,
"I2C","data",6.07214813,2.325e-05,0x00,true,,
"I2C","data",6.07217287,2.325e-05,0x00,true,,
"I2C","data",6.07219763,2.325e-05,0x00,true,,
"I2C","data",6.07222231,2.325e-05,0x00,true,,
"I2C","data",6.07224706,2.325e-05,0x00,true,,
"I2C","data",6.07227181,2.325e-05,0x00,true,,
"I2C","data",6.0722965,2.325e-05,0x00,true,,
"I2C","data",6.07232125,2.325e-05,0x00,true,,
"I2C","data",6.072346,2.325e-05,0x00,true,,
"I2C","data",6.07237069,2.325e-05,0x00,true,,
"I2C","data",6.07239544,2.325e-05,0x00,true,,
"I2C","data",6.07242019,2.325e-05,0x00,true,,
"I2C","data",6.07244494,2.325e-05,0x00,true,,
"I2C","data",6.07246963,2.325e-05,0x00,false,,
"I2C","stop",6.07249588,6.24999993e-08,,,,
"I2C","start",6.072501,6.24999993e-08,,,,
"I2C","address",6.07250363,2.325e-05,,true,0x25,false
"I2C","data",6.07253231,2.31875e-05,0x40,true,,
"I2C","start",6.07256113,6.24999993e-08,,,,
"I2C","address",6.07256369,2.325e-05,,true,0x25,true
"I2C","data",6.07259712,2.31875e-05,0x00,false,,
"I2C","stop",6.07262331,6.25000002e-08,,,,
"I2C","start",6.370525,6.25000002e-08,,,,
"I2C","address",6.37052763,2.325e-05,,true,0x25,false
"I2C","stop",6.37055769,6.25000002e-08,,,,
"I2C","start",6.37056275,6.25000002e-08,,,,
"I2C","address",6.37056531,2.325e-05,,true,0x25,false
"I2C","data",6.370594,2.31875e-05,0x00,true,,
"I2C","start",6.37062294,6.25000002e-08,,,,
"I2C","address",6.37062556,2.325e-05,,true,0x25,true
"I2C","data",6.370659,2.3125e-05,0xA5,true,,
"I2C","data",6.37068362,2.325e-05,0x03,false,,
"I2C","stop",6.37070981,6.25000002e-08,,,,
"I2C","start",6.37071575,6.25000011e-08,,,,
"I2C","address",6.37071838,2.325e-05,,true,0x25,false
"I2C","data",6.37074706,2.3125e-05,0x40,true,,
"I2C","start",6.37077581,6.24999993e-08,,,,
"I2C","address",6.37077844,2.325e-05,,true,0x25,true
"I2C","data",6.37081188,2.31875e-05,0x00,false,,
"I2C","stop",6.370838,6.25000002e-08,,,,
"I2C","start",6.37084331,6.24999993e-08,,,,
"I2C","address",6.37084587,2.325e-05,,true,0x25,false
"I2C","data",6.37087462,2.3125e-05,0x00,true,,
"I2C","start",6.3709035,6.25000002e-08,,,,
"I2C","address",6.37090613,2.325e-05,,true,0x25,true
"I2C","data",6.37093963,2.31875e-05,0xA5,true,,
"I2C","data",6.37096431,2.325e-05,0x03,true,,
"I2C","data",6.37098906,2.325e-05,0x00,true,,
"I2C","data",6.37101381,2.325e-05,0x00,true,,
"I2C","data",6.3710385,2.325e-05,0x28,true,,
"I2C","data",6.37106325,2.325e-05,0xEF,true,,
"I2C","data",6.371088,2.325e-05,0x5B,true,,
"I2C","data",6.37111275,2.325e-05,0x00,true,,
"I2C","data",6.37113744,2.33125e-05,0x03,true,,
"I2C","data",6.37116219,2.325e-05,0x00,true,,
"I2C","data",6.37118694,2.325e-05,0x00,true,,
"I2C","data",6.37121169,2.325e-05,0x00,true,,
"I2C","data",6.37123637,2.325e-05,0x40,true,,
"I2C","data",6.37126113,2.325e-05,0x0D,true,,
"I2C","data",6.37128587,2.325e-05,0x03,true,,
"I2C","data",6.37131062,2.325e-05,0x00,true,,
"I2C","data",6.37133531,2.325e-05,0x01,true,,
"I2C","data",6.37136006,2.325e-05,0x00,true,,
"I2C","data",6.37138481,2.325e-05,0x01,true,,
"I2C","data",6.37140956,2.325e-05,0x00,true,,
"I2C","data",6.37143425,2.325e-05,0x80,true,,
"I2C","data",6.371459,2.325e-05,0x8D,true,,
"I2C","data",6.37148375,2.325e-05,0x5B,true,,
"I2C","data",6.3715085,2.325e-05,0x00,true,,
"I2C","data",6.37153319,2.325e-05,0x20,true,,
"I2C","data",6.37155794,2.325e-05,0xBF,true,,
"I2C","data",6.37158269,2.325e-05,0x02,true,,
"I2C","data",6.37160744,2.325e-05,0x00,true,,
"I2C","data",6.37163212,2.325e-05,0x00,true,,
"I2C","data",6.37165688,2.325e-05,0x12,true,,
"I2C","data",6.37168162,2.325e-05,0x7A,true,,
"I2C","data",6.37170637,2.325e-05,0x00,true,,
"I2C","data",6.37173113,2.325e-05,0x60,true,,
"I2C","data",6.37175581,2.325e-05,0xE3,true,,
"I2C","data",6.37178056,2.325e-05,0x16,true,,
"I2C","data",6.37180531,2.325e-05,0x00,true,,
"I2C","data",6.37183006,2.325e-05,0x30,true,,
"I2C","data",6.37185475,2.325e-05,0x11,true,,
"I2C","data",6.3718795,2.325e-05,0x00,true,,
"I2C","data",6.37190425,2.325e-05,0x00,true,,
"I2C","data",6.371929,2.325e-05,0xD0,true,,
"I2C","data",6.37195369,2.325e-05,0xEE,true,,
"I2C","data",6.37197844,2.325e-05,0xFF,true,,
"I2C","data",6.37200319,2.325e-05,0xFF,true,,
"I2C","data",6.37202794,2.325e-05,0x20,true,,
"I2C","data",6.37205263,2.325e-05,0x03,true,,
"I2C","data",6.37207737,2.325e-05,0xD0,true,,
"I2C","data",6.37210212,2.325e-05,0x07,true,,
"I2C","data",6.37212688,2.325e-05,0x64,true,,
"I2C","data",6.37215156,2.325e-05,0x00,true,,
"I2C","data",6.37217631,2.325e-05,0xF4,true,,
"I2C","data",6.37220106,2.325e-05,0x01,true,,
"I2C","data",6.37222581,2.325e-05,0x00,true,,
"I2C","data",6.3722505,2.325e-05,0x00,true,,
"I2C","data",6.37227525,2.325e-05,0x00,true,,
"I2C","data",6.3723,2.325e-05,0x00,true,,
"I2C","data",6.37232475,2.325e-05,0x00,true,,
"I2C","data",6.37234944,2.33125e-05,0x00,true,,
"I2C","data",6.37237419,2.325e-05,0x00,true,,
"I2C","data",6.37239894,2.325e-05,0x00,true,,
"I2C","data",6.37242369,2.325e-05,0x00,true,,
"I2C","data",6.37244844,2.325e-05,0x00,true,,
"I2C","data",6.37247312,2.325e-05,0x00,true,,
"I2C","data",6.37249787,2.325e-05,0x00,true,,
"I2C","data",6.37252263,2.325e-05,0x00,true,,
"I2C","data",6.37254737,2.325e-05,0x40,true,,
"I2C","data",6.37257206,2.325e-05,0x00,true,,
"I2C","data",6.37259681,2.325e-05,0x00,true,,
"I2C","data",6.37262156,2.325e-05,0x00,true,,
"I2C","data",6.37264631,2.325e-05,0x00,true,,
"I2C","data",6.372671,2.325e-05,0x00,true,,
"I2C","data",6.37269575,2.325e-05,0x01,true,,
"I2C","data",6.3727205,2.325e-05,0x00,true,,
"I2C","data",6.37274519,2.33125e-05,0x00,true,,
"I2C","data",6.37276994,2.325e-05,0x00,true,,
"I2C","data",6.37279469,2.325e-05,0x00,true,,
"I2C","data",6.37281944,2.325e-05,0x00,true,,
"I2C","data",6.37284419,2.325e-05,0x00,true,,
"I2C","data",6.37286887,2.325e-05,0x00,true,,
"I2C","data",6.37289362,2.325e-05,0x00,true,,
"I2C","data",6.37291838,2.325e-05,0x00,true,,
"I2C","data",6.37294312,2.325e-05,0x00,true,,
"I2C","data",6.37296781,2.33125e-05,0x00,true,,
"I2C","data",6.37299256,2.325e-05,0x00,true,,
"I2C","data",6.37301731,2.325e-05,0x00,true,,
"I2C","data",6.37304206,2.325e-05,0x00,true,,
"I2C","data",6.37306681,2.325e-05,0x00,true,,
"I2C","data",6.3730915,2.325e-05,0x00,true,,
"I2C","data",6.37311625,2.325e-05,0x00,true,,
"I2C","data",6.373141,2.325e-05,0x00,true,,
"I2C","data",6.37316575,2.325e-05,0x00,true,,
"I2C","data",6.37319044,2.325e-05,0x00,true,,
"I2C","data",6.37321519,2.325e-05,0x00,true,,
"I2C","data",6.37323994,2.325e-05,0x00,true,,
"I2C","data",6.37326469,2.325e-05,0x00,true,,
"I2C","data",6.37328937,2.325e-05,0x00,false,,
"I2C","stop",6.37331563,6.24999993e-08,,,,
"I2C","start",6.3733205,6.25000002e-08,,,,
"I2C","address",6.37332312,2.325e-05,,true,0x25,false
"I2C","data",6.37335187,2.325e-05,0x40,true,,
"I2C","start",6.37338063,6.24999993e-08,,,,
"I2C","address",6.37338319,2.325e-05,,true,0x25,true
"I2C","data",6.37341669,2.325e-05,0x00,false,,
"I2C","stop",6.37344294,6.25000002e-08,,,,
"I2C","start",6.67135431,6.25000002e-08,,,,
"I2C","address",6.67135687,2.325e-05,,true,0x25,false
"I2C","stop",6.67138712,6.24999993e-08,,,,
"I2C","start",6.67139212,6.25000011e-08,,,,
"I2C","address",6.67139475,2.325e-05,,true,0x25,false
"I2C","data",6.67142344,2.31875e-05,0x00,true,,
"I2C","start",6.67145225,6.25000002e-08,,,,
"I2C","address",6.67145481,2.33125e-05,,true,0x25,true
"I2C","data",6.67148831,2.3125e-05,0xA5,true,,
"I2C","data",6.67151294,2.325e-05,0x03,false,,
"I2C","stop",6.67153919,6.25000011e-08,,,,
"I2C","start",6.67154494,6.25000002e-08,,,,
"I2C","address",6.67154756,2.325e-05,,true,0x25,false
"I2C","data",6.67157637,2.31875e-05,0x40,true,,
"I2C","start",6.67160506,6.24999993e-08,,,,
"I2C","address",6.67160763,2.325e-05,,true,0x25,true
"I2C","data",6.67164112,2.325e-05,0x00,false,,
"I2C","stop",6.67166738,6.25000002e-08,,,,
"I2C","start",6.6716725,6.25000011e-08,,,,
"I2C","address",6.67167513,2.325e-05,,true,0x25,false
"I2C","data",6.67170381,2.33125e-05,0x00,true,,
"I2C","start",6.67173262,6.25000002e-08,,,,
"I2C","address",6.67173519,2.325e-05,,true,0x25,true
"I2C","data",6.67176881,2.325e-05,0xA5,true,,
"I2C","data",6.67179356,2.325e-05,0x03,true,,
"I2C","data",6.67181831,2.325e-05,0x00,true,,
"I2C","data",6.67184306,2.325e-05,0x00,true,,
"I2C","data",6.67186775,2.33125e-05,0x28,true,,
"I2C","data",6.6718925,2.325e-05,0xEF,true,,
"I2C","data",6.67191725,2.325e-05,0x5B,true,,
"I2C","data",6.671942,2.325e-05,0x00,true,,
"I2C","data",6.67196675,2.325e-05,0x03,true,,
"I2C","data",6.6719915,2.325e-05,0x00,true,,
"I2C","data",6.67201619,2.325e-05,0x00,true,,
"I2C","data",6.67204094,2.325e-05,0x00,true,,
"I2C","data",6.67206569,2.325e-05,0x40,true,,
"I2C","data",6.67209044,2.325e-05,0x0D,true,,
"I2C","data",6.67211519,2.325e-05,0x03,true,,
"I2C","data",6.67213988,2.325e-05,0x00,true,,
"I2C","data",6.67216462,2.325e-05,0x01,true,,
"I2C","data",6.67218938,2.325e-05,0x00,true,,
"I2C","data",6.67221412,2.325e-05,0x01,true,,
"I2C","data",6.67223881,2.33125e-05,0x00,true,,
"I2C","data",6.67226356,2.325e-05,0x80,true,,
"I2C","data",6.67228831,2.325e-05,0x8D,true,,
"I2C","data",6.67231306,2.325e-05,0x5B,true,,
"I2C","data",6.67233781,2.325e-05,0x00,true,,
"I2C","data",6.67236256,2.325e-05,0x20,true,,
"I2C","data",6.67238725,2.325e-05,0xBF,true,,
"I2C","data",6.672412,2.325e-05,0x02,true,,
"I2C","data",6.67243675,2.325e-05,0x00,true,,
"I2C","data",6.6724615,2.325e-05,0x00,true,,
"I2C","data",6.67248625,2.325e-05,0x12,true,,
"I2C","data",6.67251094,2.33125e-05,0x7A,true,,
"I2C","data",6.67253569,2.325e-05,0x00,true,,
"I2C","data",6.67256044,2.325e-05,0x60,true,,
"I2C","data",6.67258519,2.325e-05,0xE3,true,,
"I2C","data",6.67260994,2.325e-05,0x16,true,,
"I2C","data",6.67263469,2.325e-05,0x00,true,,
"I2C","data",6.67265938,2.325e-05,0x30,true,,
"I2C","data",6.67268412,2.325e-05,0x11,true,,
"I2C","data",6.67270887,2.325e-05,0x00,true,,
"I2C","data",6.67273363,2.325e-05,0x00,true,,
"I2C","data",6.67275831,2.33125e-05,0xD0,true,,
"I2C","data",6.67278306,2.325e-05,0xEE,true,,
"I2C","data",6.67280781,2.325e-05,0xFF,true,,
"I2C","data",6.67283256,2.325e-05,0xFF,true,,
"I2C","data",6.67285731,2.325e-05,0x20,true,,
"I2C","data",6.67288206,2.325e-05,0x03,true,,
"I2C","data",6.67290675,2.33125e-05,0xD0,true,,
"I2C","data",6.6729315,2.33125e-05,0x07,true,,
"I2C","data",6.67295625,2.325e-05,0x64,true,,
"I2C","data",6.672981,2.325e-05,0x00,true,,
"I2C","data",6.67300575,2.325e-05,0xF4,true,,
"I2C","data",6.6730305,2.325e-05,0x01,true,,
"I2C","data",6.67305525,2.325e-05,0x00,true,,
"I2C","data",6.67307994,2.33125e-05,0x00,true,,
"I2C","data",6.67310469,2.325e-05,0x00,true,,
"I2C","data",6.67312944,2.325e-05,0x00,true,,
"I2C","data",6.67315419,2.325e-05,0x00,true,,
"I2C","data",6.67317894,2.325e-05,0x00,true,,
"I2C","data",6.67320369,2.325e-05,0x00,true,,
"I2C","data",6.67322837,2.33125e-05,0x00,true,,
"I2C","data",6.67325312,2.33125e-05,0x00,true,,
"I2C","data",6.67327788,2.325e-05,0x00,true,,
"I2C","data",6.67330262,2.325e-05,0x00,true,,
"I2C","data",6.67332738,2.325e-05,0x00,true,,
"I2C","data",6.67335213,2.325e-05,0x00,true,,
"I2C","data",6.67337687,2.325e-05,0x40,true,,
"I2C","data",6.67340156,2.33125e-05,0x00,true,,
"I2C","data",6.67342631,2.325e-05,0x00,true,,
"I2C","data",6.67345106,2.325e-05,0x00,true,,
"I2C","data",6.67347581,2.325e-05,0x00,true,,
"I2C","data",6.67350056,2.325e-05,0x00,true,,
"I2C","data",6.67352531,2.325e-05,0x01,true,,
"I2C","data",6.67355,2.33125e-05,0x00,true,,
"I2C","data",6.67357475,2.325e-05,0x00,true,,
"I2C","data",6.6735995,2.325e-05,0x00,true,,
"I2C","data",6.67362425,2.325e-05,0x00,true,,
"I2C","data",6.673649,2.325e-05,0x00,true,,
"I2C","data",6.67367375,2.325e-05,0x00,true,,
"I2C","data",6.67369844,2.33125e-05,0x00,true,,
"I2C","data",6.67372319,2.325e-05,0x00,true,,
"I2C","data",6.67374794,2.325e-05,0x00,true,,
"I2C","data",6.67377269,2.325e-05,0x00,true,,
"I2C","data",6.67379744,2.325e-05,0x00,true,,
"I2C","data",6.67382219,2.325e-05,0x00,true,,
"I2C","data",6.67384688,2.33125e-05,0x00,true,,
"I2C","data",6.67387163,2.325e-05,0x00,true,,
"I2C","data",6.67389637,2.325e-05,0x00,true,,
"I2C","data",6.67392112,2.325e-05,0x00,true,,
"I2C","data",6.67394588,2.325e-05,0x00,true,,
"I2C","data",6.67397062,2.325e-05,0x00,true,,
"I2C","data",6.67399531,2.33125e-05,0x00,true,,
"I2C","data",6.67402006,2.325e-05,0x00,true,,
"I2C","data",6.67404481,2.325e-05,0x00,true,,
"I2C","data",6.67406956,2.325e-05,0x00,true,,
"I2C","data",6.67409431,2.325e-05,0x00,true,,
"I2C","data",6.674119,2.33125e-05,0x00,false,,
"I2C","stop",6.67414525,6.25000011e-08,,,,
"I2C","start",6.67415069,6.24999993e-08,,,,
"I2C","address",6.67415325,2.325e-05,,true,0x25,false
"I2C","data",6.67418194,2.31875e-05,0x40,true,,
"I2C","start",6.67421075,6.25000002e-08,,,,
"I2C","address",6.67421337,2.325e-05,,true,0x25,true
"I2C","data",6.67424681,2.33125e-05,0x00,false,,
"I2C","stop",6.67427306,6.24999993e-08,,,,
"I2C","start",6.97218212,6.25000002e-08,,,,
"I2C","address",6.97218475,2.325e-05,,true,0x25,false
"I2C","stop",6.972215,6.25000002e-08,,,,
"I2C","start",6.97222,6.24999993e-08,,,,
"I2C","address",6.97222262,2.325e-05,,true,0x25,false
"I2C","data",6.97225137,2.325e-05,0x00,true,,
"I2C","start",6.97228013,6.24999993e-08,,,,
"I2C","address",6.97228269,2.325e-05,,true,0x25,true
"I2C","data",6.97231625,2.31875e-05,0xA5,true,,
"I2C","data",6.97234094,2.325e-05,0x03,false,,
"I2C","stop",6.97236712,6.25000002e-08,,,,
"I2C","start",6.97237294,6.25000002e-08,,,,
"I2C","address",6.9723755,2.325e-05,,true,0x25,false
"I2C","data",6.97240425,2.325e-05,0x40,true,,
"I2C","start",6.97243288,6.24999993e-08,,,,
"I2C","address",6.9724355,2.325e-05,,true,0x25,true
"I2C","data",6.97246894,2.3125e-05,0x00,false,,
"I2C","stop",6.97249506,6.25000002e-08,,,,
"I2C","start",6.97250044,6.25000002e-08,,,,
"I2C","address",6.97250306,2.325e-05,,true,0x25,false
"I2C","data",6.97253181,2.325e-05,0x00,true,,
"I2C","start",6.97256056,6.25000002e-08,,,,
"I2C","address",6.97256319,2.325e-05,,true,0x25,true
"I2C","data",6.97259656,2.31875e-05,0xA5,true,,
"I2C","data",6.97262125,2.325e-05,0x03,true,,
"I2C","data",6.972646,2.325e-05,0x00,true,,
"I2C","data",6.97267075,2.325e-05,0x00,true,,
"I2C","data",6.9726955,2.325e-05,0x28,true,,
"I2C","data",6.97272019,2.33125e-05,0xEF,true,,
"I2C","data",6.97274494,2.325e-05,0x5B,true,,
"I2C","data",6.97276969,2.325e-05,0x00,true,,
"I2C","data",6.97279444,2.325e-05,0x03,true,,
"I2C","data",6.97281919,2.325e-05,0x00,true,,
"I2C","data",6.97284394,2.325e-05,0x00,true,,
"I2C","data",6.97286863,2.325e-05,0x00,true,,
"I2C","data",6.97289337,2.325e-05,0x40,true,,
"I2C","data",6.97291812,2.325e-05,0x0D,true,,
"I2C","data",6.97294288,2.325e-05,0x03,true,,
"I2C","data",6.97296762,2.325e-05,0x00,true,,
"I2C","data",6.97299231,2.325e-05,0x01,true,,
"I2C","data",6.97301706,2.325e-05,0x00,true,,
"I2C","data",6.97304181,2.325e-05,0x01,true,,
"I2C","data",6.97306656,2.325e-05,0x00,true,,
"I2C","data",6.97309125,2.33125e-05,0x80,true,,
"I2C","data",6.973116,2.325e-05,0x8D,true,,
"I2C","data",6.97314075,2.325e-05,0x5B,true,,
"I2C","data",6.9731655,2.325e-05,0x00,true,,
"I2C","data",6.97319025,2.325e-05,0x20,true,,
"I2C","data",6.973215,2.325e-05,0xBF,true,,
"I2C","data",6.97323969,2.33125e-05,0x02,true,,
"I2C","data",6.97326444,2.325e-05,0x00,true,,
"I2C","data",6.97328919,2.325e-05,0x00,true,,
"I2C","data",6.97331394,2.325e-05,0x12,true,,
"I2C","data",6.97333869,2.325e-05,0x7A,true,,
"I2C","data",6.97336344,2.325e-05,0x00,true,,
"I2C","data",6.97338812,2.325e-05,0x60,true,,
"I2C","data",6.97341288,2.325e-05,0xE3,true,,
"I2C","data",6.97343762,2.325e-05,0x16,true,,
"I2C","data",6.97346238,2.325e-05,0x00,true,,
"I2C","data",6.97348713,2.325e-05,0x30,true,,
"I2C","data",6.97351181,2.325e-05,0x11,true,,
"I2C","data",6.97353656,2.325e-05,0x00,true,,
"I2C","data",6.97356131,2.325e-05,0x00,true,,
"I2C","data",6.97358606,2.325e-05,0xD0,true,,
"I2C","data",6.97361075,2.33125e-05,0xEE,true,,
"I2C","data",6.9736355,2.325e-05,0xFF,true,,
"I2C","data",6.97366025,2.325e-05,0xFF,true,,
"I2C","data",6.973685,2.325e-05,0x20,true,,
"I2C","data",6.97370975,2.325e-05,0x03,true,,
"I2C","data",6.97373444,2.33125e-05,0xD0,true,,
"I2C","data",6.97375919,2.325e-05,0x07,true,,
"I2C","data",6.97378394,2.325e-05,0x64,true,,
"I2C","data",6.97380869,2.325e-05,0x00,true,,
"I2C","data",6.97383344,2.325e-05,0xF4,true,,
"I2C","data",6.97385819,2.325e-05,0x01,true,,
"I2C","data",6.97388288,2.33125e-05,0x00,true,,
"I2C","data",6.97390762,2.325e-05,0x00,true,,
"I2C","data",6.97393238,2.325e-05,0x00,true,,
"I2C","data",6.97395713,2.325e-05,0x00,true,,
"I2C","data",6.97398187,2.325e-05,0x00,true,,
"I2C","data",6.97400663,2.325e-05,0x00,true,,
"I2C","data",6.97403138,2.325e-05,0x00,true,,
"I2C","data",6.97405606,2.325e-05,0x00,true,,
"I2C","data",6.97408081,2.325e-05,0x00,true,,
"I2C","data",6.97410556,2.325e-05,0x00,true,,
"I2C","data",6.97413031,2.325e-05,0x00,true,,
"I2C","data",6.97415506,2.325e-05,0x00,true,,
"I2C","data",6.97417975,2.33125e-05,0x00,true,,
"I2C","data",6.9742045,2.325e-05,0x40,true,,
"I2C","data",6.97422925,2.325e-05,0x00,true,,
"I2C","data",6.974254,2.325e-05,0x00,true,,
"I2C","data",6.97427875,2.325e-05,0x00,true,,
"I2C","data",6.9743035,2.325e-05,0x00,true,,
"I2C","data",6.97432819,2.325e-05,0x00,true,,
"I2C","data",6.97435294,2.325e-05,0x01,true,,
"I2C","data",6.97437769,2.325e-05,0x00,true,,
"I2C","data",6.97440244,2.325e-05,0x00,true,,
"I2C","data",6.97442719,2.325e-05,0x00,true,,
"I2C","data",6.97445187,2.325e-05,0x00,true,,
"I2C","data",6.97447663,2.325e-05,0x00,true,,
"I2C","data",6.97450138,2.325e-05,0x00,true,,
"I2C","data",6.97452612,2.325e-05,0x00,true,,
"I2C","data",6.97455088,2.325e-05,0x00,true,,
"I2C","data",6.97457556,2.325e-05,0x00,true,,
"I2C","data",6.97460031,2.325e-05,0x00,true,,
"I2C","data",6.97462506,2.325e-05,0x00,true,,
"I2C","data",6.97464981,2.325e-05,0x00,true,,
"I2C","data",6.9746745,2.33125e-05,0x00,true,,
"I2C","data",6.97469925,2.325e-05,0x00,true,,
"I2C","data",6.974724,2.325e-05,0x00,true,,
"I2C","data",6.97474875,2.325e-05,0x00,true,,
"I2C","data",6.9747735,2.325e-05,0x00,true,,
"I2C","data",6.97479819,2.33125e-05,0x00,true,,
"I2C","data",6.97482294,2.325e-05,0x00,true,,
"I2C","data",6.97484769,2.325e-05,0x00,true,,
"I2C","data",6.97487244,2.325e-05,0x00,true,,
"I2C","data",6.97489719,2.325e-05,0x00,true,,
"I2C","data",6.97492194,2.325e-05,0x00,true,,
"I2C","data",6.97494663,2.33125e-05,0x00,false,,
"I2C","stop",6.97497287,6.25000002e-08,,,,
"I2C","start",6.9749785,6.24999993e-08,,,,
"I2C","address",6.97498113,2.325e-05,,true,0x25,false
"I2C","data",6.97500981,2.31875e-05,0x40,true,,
"I2C","start",6.97503862,6.24999993e-08,,,,
"I2C","address",6.97504125,2.325e-05,,true,0x25,true
"I2C","data",6.97507469,2.33125e-05,0x00,false,,
"I2C","stop",6.97510094,6.25000011e-08,,,,
